Cycle,RPM,Ignition_Target,Peak_P_MPa,Peak_T_K,Status,Diagnosis,Theta_Drift_Deg,Crank_Stability_Pct
0,5117.2,-8.8,1.42,530,MISFIRE,No pressure rise post-spark,5e-05,100.0
1,4874.5,-17.5,1.12,499,MISFIRE,No pressure rise post-spark,5e-05,100.0
2,4646.2,-14.5,1.24,511,MISFIRE,No pressure rise post-spark,5e-05,100.0
3,3731.7,-17.9,1.14,499,MISFIRE,No pressure rise post-spark,7e-05,100.0
4,1747.9,-17.3,1.01,499,MISFIRE,No pressure rise post-spark,0.00021,100.0
5,7473.8,-14.7,0.96,511,MISFIRE,No pressure rise post-spark,2e-05,100.0
6,1725.5,-11.8,1.2,521,MISFIRE,No pressure rise post-spark,0.00022,100.0
7,7465.9,-8.3,1.12,530,MISFIRE,No pressure rise post-spark,2e-05,100.0
8,3841.9,-13.5,1.29,515,MISFIRE,No pressure rise post-spark,7e-05,100.0
9,6465.3,-13.2,1.11,515,MISFIRE,No pressure rise post-spark,3e-05,99.97
10,6564.3,-11.2,1.15,521,MISFIRE,No pressure rise post-spark,3e-05,99.97
11,1780.2,-12.5,1.18,518,MISFIRE,No pressure rise post-spark,0.00021,99.96
12,7088.1,-8.8,1.03,518,MISFIRE,No pressure rise post-spark,2e-05,99.96
13,4121.9,-9.0,1.46,530,MISFIRE,No pressure rise post-spark,7e-05,99.96
14,2679.0,-10.9,1.34,524,MISFIRE,No pressure rise post-spark,0.00012,99.97
15,3342.9,-15.9,1.21,507,MISFIRE,No pressure rise post-spark,9e-05,99.97
16,5618.5,-17.5,1.07,499,MISFIRE,No pressure rise post-spark,4e-05,99.97
17,4350.6,-18.0,1.14,499,MISFIRE,No pressure rise post-spark,6e-05,99.97
18,6768.3,-17.2,0.94,499,MISFIRE,No pressure rise post-spark,3e-05,99.97
19,2056.2,-9.7,0.81,471,MISFIRE,No pressure rise post-spark,0.00015,99.97
20,1549.9,-13.1,1.11,515,MISFIRE,No pressure rise post-spark,0.00025,99.96
21,1830.7,-8.5,1.3,530,MISFIRE,No pressure rise post-spark,0.00021,99.96
22,5173.3,-16.2,1.14,503,MISFIRE,No pressure rise post-spark,4e-05,99.96
23,1518.0,-15.6,1.04,507,MISFIRE,No pressure rise post-spark,0.00026,99.96
24,5015.6,-10.4,0.84,467,MISFIRE,No pressure rise post-spark,4e-05,99.96
25,7201.9,-12.2,1.02,518,MISFIRE,No pressure rise post-spark,2e-05,99.96
26,4783.9,-11.7,1.35,521,MISFIRE,No pressure rise post-spark,5e-05,99.96
27,2196.8,-9.4,1.32,527,MISFIRE,No pressure rise post-spark,0.00016,99.96
28,4557.9,-12.9,1.32,518,MISFIRE,No pressure rise post-spark,6e-05,99.96
29,2897.1,-17.1,1.11,499,MISFIRE,No pressure rise post-spark,0.0001,99.96
30,3194.0,-9.0,1.41,527,MISFIRE,No pressure rise post-spark,0.0001,99.96
31,7493.0,-12.2,1.02,518,MISFIRE,No pressure rise post-spark,2e-05,99.96
32,4977.8,-12.5,1.3,518,MISFIRE,No pressure rise post-spark,5e-05,99.96
33,1967.2,-15.3,1.1,507,MISFIRE,No pressure rise post-spark,0.00018,99.96
34,4660.2,-14.3,1.21,507,MISFIRE,No pressure rise post-spark,5e-05,99.96
35,5529.2,-10.5,1.32,524,MISFIRE,No pressure rise post-spark,4e-05,99.96
36,7487.3,-9.5,1.1,527,MISFIRE,No pressure rise post-spark,2e-05,99.96
37,7053.1,-12.5,1.04,518,MISFIRE,No pressure rise post-spark,2e-05,99.96
38,1652.2,-16.0,1.03,503,MISFIRE,No pressure rise post-spark,0.00023,99.96
39,2760.0,-8.7,1.41,530,MISFIRE,No pressure rise post-spark,0.00012,99.96
40,4362.3,-10.5,1.4,524,MISFIRE,No pressure rise post-spark,6e-05,99.96
41,1644.0,-17.5,0.99,499,MISFIRE,No pressure rise post-spark,0.00022,99.96
42,1952.3,-13.7,1.17,515,MISFIRE,No pressure rise post-spark,0.00018,99.96
43,6168.3,-13.4,1.15,515,MISFIRE,No pressure rise post-spark,3e-05,99.96
44,6907.1,-13.4,1.04,515,MISFIRE,No pressure rise post-spark,3e-05,99.96
45,5592.3,-8.8,1.38,530,MISFIRE,No pressure rise post-spark,4e-05,99.96
46,4815.5,-15.5,1.2,507,MISFIRE,No pressure rise post-spark,5e-05,99.96
47,2195.6,-14.0,1.2,515,MISFIRE,No pressure rise post-spark,0.00016,99.96
48,3771.7,-10.4,1.4,524,MISFIRE,No pressure rise post-spark,8e-05,99.96
49,3763.9,-15.9,1.22,507,MISFIRE,No pressure rise post-spark,7e-05,99.96
50,4508.6,-13.3,0.76,455,MISFIRE,No pressure rise post-spark,5e-05,99.96
51,6447.2,-16.3,1.01,503,MISFIRE,No pressure rise post-spark,3e-05,99.96
52,6587.4,-13.6,1.09,515,MISFIRE,No pressure rise post-spark,3e-05,99.96
53,7412.5,-15.0,0.93,507,MISFIRE,No pressure rise post-spark,2e-05,99.96
54,3926.0,-12.6,1.33,518,MISFIRE,No pressure rise post-spark,7e-05,99.96
55,2065.5,-8.3,1.34,530,MISFIRE,No pressure rise post-spark,0.00018,99.96
56,7192.0,-16.2,0.9,503,MISFIRE,No pressure rise post-spark,2e-05,99.96
57,6903.2,-9.2,1.15,527,MISFIRE,No pressure rise post-spark,3e-05,99.96
58,3702.0,-14.9,1.25,511,MISFIRE,No pressure rise post-spark,8e-05,99.96
59,7296.1,-8.3,1.12,530,MISFIRE,No pressure rise post-spark,2e-05,99.96
60,2177.2,-17.7,1.05,499,MISFIRE,No pressure rise post-spark,0.00015,99.96
61,7497.1,-17.6,0.87,499,MISFIRE,No pressure rise post-spark,2e-05,99.96
62,6642.9,-16.5,0.99,503,MISFIRE,No pressure rise post-spark,3e-05,99.97
63,2187.4,-17.7,1.05,499,MISFIRE,No pressure rise post-spark,0.00015,99.97
64,3345.4,-10.3,1.39,524,MISFIRE,No pressure rise post-spark,9e-05,99.97
65,4118.3,-12.5,1.33,518,MISFIRE,No pressure rise post-spark,7e-05,99.97
66,6362.9,-8.0,1.27,530,MISFIRE,No pressure rise post-spark,3e-05,99.97
67,6558.1,-11.8,1.16,521,MISFIRE,No pressure rise post-spark,3e-05,99.97
68,4043.3,-11.0,1.37,521,MISFIRE,No pressure rise post-spark,7e-05,99.97
69,2134.7,-16.0,1.12,507,MISFIRE,No pressure rise post-spark,0.00016,99.97
70,5348.4,-16.3,1.13,503,MISFIRE,No pressure rise post-spark,4e-05,99.97
71,7159.8,-15.1,0.93,507,MISFIRE,No pressure rise post-spark,2e-05,99.97
72,5321.0,-10.0,1.37,527,MISFIRE,No pressure rise post-spark,4e-05,99.97
73,5631.7,-17.5,1.07,499,MISFIRE,No pressure rise post-spark,4e-05,99.97
74,5665.5,-12.0,1.28,521,MISFIRE,No pressure rise post-spark,4e-05,99.97
75,7070.7,-15.5,0.95,507,MISFIRE,No pressure rise post-spark,2e-05,99.97
76,7442.8,-16.6,0.9,503,MISFIRE,No pressure rise post-spark,2e-05,99.97
77,6297.0,-16.0,1.03,503,MISFIRE,No pressure rise post-spark,3e-05,99.97
78,3591.9,-8.7,1.46,530,MISFIRE,No pressure rise post-spark,8e-05,99.97
79,1724.6,-14.1,1.1,511,MISFIRE,No pressure rise post-spark,0.00022,99.97
80,2202.7,-11.8,1.26,521,MISFIRE,No pressure rise post-spark,0.00016,99.97
81,4093.8,-16.3,1.18,503,MISFIRE,No pressure rise post-spark,6e-05,99.97
82,5951.3,-12.0,1.24,521,MISFIRE,No pressure rise post-spark,4e-05,99.97
83,4910.0,-10.4,1.37,524,MISFIRE,No pressure rise post-spark,5e-05,99.97
84,4138.8,-12.4,1.33,518,MISFIRE,No pressure rise post-spark,7e-05,99.97
85,2155.9,-12.1,1.22,518,MISFIRE,No pressure rise post-spark,0.00016,99.97
86,2715.0,-8.9,1.41,530,MISFIRE,No pressure rise post-spark,0.00012,99.97
87,1704.2,-15.3,1.07,507,MISFIRE,No pressure rise post-spark,0.00022,99.97
88,6264.2,-10.4,1.23,524,MISFIRE,No pressure rise post-spark,3e-05,99.97
89,4368.9,-9.5,1.43,527,MISFIRE,No pressure rise post-spark,6e-05,99.97
90,2555.5,-11.8,1.3,521,MISFIRE,No pressure rise post-spark,0.00013,99.97
91,2077.0,-9.1,1.31,527,MISFIRE,No pressure rise post-spark,0.00018,99.97
92,3044.4,-11.1,1.34,521,MISFIRE,No pressure rise post-spark,0.0001,99.97
93,3172.3,-15.7,1.2,507,MISFIRE,No pressure rise post-spark,9e-05,99.97
94,4892.7,-15.1,1.2,507,MISFIRE,No pressure rise post-spark,5e-05,99.97
95,6925.0,-15.7,0.97,507,MISFIRE,No pressure rise post-spark,3e-05,99.97
96,2470.9,-8.2,1.38,530,MISFIRE,No pressure rise post-spark,0.00014,99.97
97,7134.6,-11.4,1.05,521,MISFIRE,No pressure rise post-spark,2e-05,99.97
98,4017.6,-13.8,1.3,515,MISFIRE,No pressure rise post-spark,7e-05,99.97
99,7315.2,-9.2,1.1,527,MISFIRE,No pressure rise post-spark,2e-05,99.97
100,5630.4,-13.8,1.21,515,MISFIRE,No pressure rise post-spark,4e-05,99.97
101,3612.5,-14.7,1.25,511,MISFIRE,No pressure rise post-spark,8e-05,99.97
102,7453.2,-10.6,1.07,524,MISFIRE,No pressure rise post-spark,2e-05,99.97
103,7387.7,-17.5,0.87,499,MISFIRE,No pressure rise post-spark,2e-05,99.97
104,1925.5,-15.2,1.09,507,MISFIRE,No pressure rise post-spark,0.00018,99.97
105,5698.6,-8.4,1.37,530,MISFIRE,No pressure rise post-spark,4e-05,99.97
106,7220.3,-15.7,1.12,530,MISFIRE,No pressure rise post-spark,2e-05,99.97
107,2794.6,-15.1,1.18,507,MISFIRE,No pressure rise post-spark,0.00011,99.97
108,1592.2,-14.8,1.09,511,MISFIRE,No pressure rise post-spark,0.00024,99.97
109,1835.7,-13.4,1.15,515,MISFIRE,No pressure rise post-spark,0.0002,99.97
110,3143.9,-11.5,1.34,521,MISFIRE,No pressure rise post-spark,0.0001,99.97
111,1955.7,-13.9,1.17,515,MISFIRE,No pressure rise post-spark,0.00018,99.97
112,2484.3,-10.9,1.32,524,MISFIRE,No pressure rise post-spark,0.00014,99.97
113,7496.2,-15.6,0.93,507,MISFIRE,No pressure rise post-spark,2e-05,99.97
114,3465.6,-17.9,1.13,499,MISFIRE,No pressure rise post-spark,8e-05,99.97
115,5077.0,-16.3,1.11,499,MISFIRE,No pressure rise post-spark,4e-05,99.97
116,3790.1,-10.7,1.4,524,MISFIRE,No pressure rise post-spark,8e-05,99.97
117,2115.7,-17.0,1.05,499,MISFIRE,No pressure rise post-spark,0.00016,99.97
118,4462.0,-14.1,1.25,511,MISFIRE,No pressure rise post-spark,6e-05,99.97
119,7288.5,-13.1,0.99,515,MISFIRE,No pressure rise post-spark,2e-05,99.97
120,2449.8,-15.4,0.67,447,MISFIRE,No pressure rise post-spark,0.00011,99.97
121,2206.9,-14.5,1.16,511,MISFIRE,No pressure rise post-spark,0.00016,99.97
122,4843.0,-12.2,1.31,518,MISFIRE,No pressure rise post-spark,5e-05,99.97
123,2924.3,-13.4,1.26,515,MISFIRE,No pressure rise post-spark,0.00011,99.97
124,7221.6,-11.2,1.04,521,MISFIRE,No pressure rise post-spark,2e-05,99.97
125,7421.3,-12.8,1.02,518,MISFIRE,No pressure rise post-spark,2e-05,99.97
126,3893.4,-9.6,1.43,527,MISFIRE,No pressure rise post-spark,7e-05,99.97
127,7253.8,-15.1,0.93,507,MISFIRE,No pressure rise post-spark,2e-05,99.97
128,3281.4,-16.0,1.2,507,MISFIRE,No pressure rise post-spark,9e-05,99.97
129,7053.9,-10.9,1.09,524,MISFIRE,No pressure rise post-spark,3e-05,99.97
130,6982.4,-15.6,0.96,507,MISFIRE,No pressure rise post-spark,2e-05,99.97
131,6811.6,-11.4,1.11,521,MISFIRE,No pressure rise post-spark,3e-05,99.97
132,7314.4,-15.8,0.93,507,MISFIRE,No pressure rise post-spark,2e-05,99.97
133,4269.8,-10.9,1.4,524,MISFIRE,No pressure rise post-spark,6e-05,99.97
134,2310.8,-17.5,1.06,499,MISFIRE,No pressure rise post-spark,0.00014,99.97
135,4056.2,-10.2,1.4,524,MISFIRE,No pressure rise post-spark,7e-05,99.97
136,3270.2,-16.1,1.16,503,MISFIRE,No pressure rise post-spark,9e-05,99.97
137,2379.9,-10.2,1.31,524,MISFIRE,No pressure rise post-spark,0.00014,99.97
138,1699.4,-15.2,1.07,507,MISFIRE,No pressure rise post-spark,0.00022,99.97
139,5195.7,-12.6,1.29,518,MISFIRE,No pressure rise post-spark,5e-05,99.97
140,6078.6,-17.2,1.03,499,MISFIRE,No pressure rise post-spark,3e-05,99.97
141,4190.4,-9.6,1.43,527,MISFIRE,No pressure rise post-spark,7e-05,99.97
142,6550.3,-17.7,0.97,499,MISFIRE,No pressure rise post-spark,3e-05,99.97
143,4008.9,-10.8,1.4,524,MISFIRE,No pressure rise post-spark,7e-05,99.97
144,3314.5,-9.1,1.42,527,MISFIRE,No pressure rise post-spark,9e-05,99.97
145,6951.4,-13.5,1.03,515,MISFIRE,No pressure rise post-spark,3e-05,99.97
146,2276.9,-13.5,1.2,515,MISFIRE,No pressure rise post-spark,0.00015,99.97
147,6656.4,-12.9,1.11,518,MISFIRE,No pressure rise post-spark,3e-05,99.97
148,6836.6,-15.4,0.99,507,MISFIRE,No pressure rise post-spark,3e-05,99.97
149,2115.5,-15.0,1.15,511,MISFIRE,No pressure rise post-spark,0.00016,99.97
150,5700.2,-16.8,1.1,503,MISFIRE,No pressure rise post-spark,4e-05,99.97
151,5841.0,-10.8,1.29,524,MISFIRE,No pressure rise post-spark,4e-05,99.97
152,6948.2,-11.3,1.09,521,MISFIRE,No pressure rise post-spark,3e-05,99.97
153,4108.0,-15.7,1.22,507,MISFIRE,No pressure rise post-spark,6e-05,99.97
154,2662.3,-12.1,1.27,518,MISFIRE,No pressure rise post-spark,0.00012,99.97
155,4213.2,-14.1,1.26,511,MISFIRE,No pressure rise post-spark,6e-05,99.97
156,4297.7,-13.4,1.29,515,MISFIRE,No pressure rise post-spark,6e-05,99.97
157,5174.6,-10.9,1.35,524,MISFIRE,No pressure rise post-spark,5e-05,99.97
158,6228.3,-11.5,1.21,521,MISFIRE,No pressure rise post-spark,3e-05,99.97
159,7230.5,-15.7,0.93,507,MISFIRE,No pressure rise post-spark,2e-05,99.97
160,3780.1,-9.4,1.43,527,MISFIRE,No pressure rise post-spark,8e-05,99.97
161,6722.4,-15.9,1.01,507,MISFIRE,No pressure rise post-spark,3e-05,99.97
162,1937.3,-16.3,1.06,503,MISFIRE,No pressure rise post-spark,0.00018,99.97
163,6674.8,-17.6,0.98,503,MISFIRE,No pressure rise post-spark,3e-05,99.97
164,3727.6,-8.2,1.46,530,MISFIRE,No pressure rise post-spark,8e-05,99.97
165,4785.8,-9.9,1.41,527,MISFIRE,No pressure rise post-spark,5e-05,99.97
166,4534.8,-12.5,1.32,518,MISFIRE,No pressure rise post-spark,6e-05,99.97
167,3939.1,-15.9,1.22,507,MISFIRE,No pressure rise post-spark,7e-05,99.97
168,4939.4,-13.2,1.27,515,MISFIRE,No pressure rise post-spark,5e-05,99.97
169,4273.0,-12.1,1.33,518,MISFIRE,No pressure rise post-spark,6e-05,99.97
170,1702.7,-9.3,1.26,527,MISFIRE,No pressure rise post-spark,0.00023,99.97
171,6832.6,-15.2,1.16,527,MISFIRE,No pressure rise post-spark,3e-05,99.97
172,3195.4,-8.6,1.44,530,MISFIRE,No pressure rise post-spark,0.0001,99.97
173,6233.0,-8.1,1.29,530,MISFIRE,No pressure rise post-spark,3e-05,99.97
174,7036.5,-14.8,0.98,511,MISFIRE,No pressure rise post-spark,2e-05,99.97
175,6466.9,-13.8,1.11,515,MISFIRE,No pressure rise post-spark,3e-05,99.97
176,6576.7,-8.5,1.24,530,MISFIRE,No pressure rise post-spark,3e-05,99.97
177,6783.5,-9.0,1.17,527,MISFIRE,No pressure rise post-spark,3e-05,99.97
178,4040.1,-17.0,1.18,503,MISFIRE,No pressure rise post-spark,7e-05,99.97
179,6623.0,-11.8,1.14,521,MISFIRE,No pressure rise post-spark,3e-05,99.97
180,7278.1,-17.6,0.87,499,MISFIRE,No pressure rise post-spark,2e-05,99.97
181,6850.0,-12.7,1.08,518,MISFIRE,No pressure rise post-spark,3e-05,99.97
182,4829.7,-11.7,1.34,521,MISFIRE,No pressure rise post-spark,5e-05,99.97
183,6537.7,-12.6,1.13,518,MISFIRE,No pressure rise post-spark,3e-05,99.97
184,5488.0,-17.1,1.08,499,MISFIRE,No pressure rise post-spark,4e-05,99.97
185,7195.6,-9.6,1.1,527,MISFIRE,No pressure rise post-spark,2e-05,99.97
186,5166.2,-14.2,1.22,511,MISFIRE,No pressure rise post-spark,4e-05,99.97
187,4938.0,-12.4,1.3,518,MISFIRE,No pressure rise post-spark,5e-05,99.97
188,2254.2,-17.2,1.06,499,MISFIRE,No pressure rise post-spark,0.00015,99.97
189,4031.8,-16.3,1.18,503,MISFIRE,No pressure rise post-spark,7e-05,99.97
190,2625.2,-11.9,1.31,521,MISFIRE,No pressure rise post-spark,0.00013,99.97
191,3608.9,-16.5,1.18,503,MISFIRE,No pressure rise post-spark,8e-05,99.97
192,2880.0,-13.4,1.26,515,MISFIRE,No pressure rise post-spark,0.00011,99.97
193,4471.7,-11.4,1.36,521,MISFIRE,No pressure rise post-spark,6e-05,99.97
194,5687.6,-14.9,1.17,511,MISFIRE,No pressure rise post-spark,4e-05,99.97
195,3070.9,-10.7,1.37,524,MISFIRE,No pressure rise post-spark,0.0001,99.97
196,4048.3,-8.1,1.47,530,MISFIRE,No pressure rise post-spark,7e-05,99.97
197,7407.6,-15.8,0.93,507,MISFIRE,No pressure rise post-spark,2e-05,99.97
198,2627.7,-15.7,1.16,507,MISFIRE,No pressure rise post-spark,0.00012,99.97
199,6477.5,-16.9,1.01,503,MISFIRE,No pressure rise post-spark,3e-05,99.97
200,3131.5,-12.9,1.31,518,MISFIRE,No pressure rise post-spark,0.0001,99.97
201,2405.8,-14.5,1.18,511,MISFIRE,No pressure rise post-spark,0.00014,99.97
202,6611.8,-11.9,1.15,521,MISFIRE,No pressure rise post-spark,3e-05,99.97
203,5692.8,-14.0,1.17,511,MISFIRE,No pressure rise post-spark,4e-05,99.97
204,3152.1,-13.4,1.27,515,MISFIRE,No pressure rise post-spark,0.0001,99.97
205,2981.9,-15.2,1.19,507,MISFIRE,No pressure rise post-spark,0.0001,99.97
206,7275.5,-10.9,1.07,524,MISFIRE,No pressure rise post-spark,2e-05,99.97
207,3618.3,-14.9,1.25,511,MISFIRE,No pressure rise post-spark,8e-05,99.97
208,7414.9,-16.8,0.9,503,MISFIRE,No pressure rise post-spark,2e-05,99.98
209,2299.1,-15.7,1.14,507,MISFIRE,No pressure rise post-spark,0.00015,99.98
210,2768.8,-12.0,1.32,521,MISFIRE,No pressure rise post-spark,0.00012,99.98
211,2040.8,-14.5,1.14,511,MISFIRE,No pressure rise post-spark,0.00017,99.98
212,7293.0,-16.8,0.9,503,MISFIRE,No pressure rise post-spark,2e-05,99.98
213,4213.6,-16.8,1.18,503,MISFIRE,No pressure rise post-spark,6e-05,99.98
214,4789.3,-11.9,1.35,521,MISFIRE,No pressure rise post-spark,5e-05,99.98
215,3894.7,-17.8,1.14,499,MISFIRE,No pressure rise post-spark,7e-05,99.98
216,6638.7,-16.5,0.99,503,MISFIRE,No pressure rise post-spark,3e-05,99.98
217,7105.5,-16.4,0.91,503,MISFIRE,No pressure rise post-spark,2e-05,99.98
218,2260.9,-11.3,1.27,521,MISFIRE,No pressure rise post-spark,0.00015,99.98
219,4913.2,-15.3,1.19,507,MISFIRE,No pressure rise post-spark,5e-05,99.98
220,3135.0,-16.7,1.16,503,MISFIRE,No pressure rise post-spark,9e-05,99.98
221,5243.4,-8.0,1.41,530,MISFIRE,No pressure rise post-spark,5e-05,99.98
222,7177.5,-17.7,0.87,499,MISFIRE,No pressure rise post-spark,2e-05,99.98
223,3745.9,-10.6,1.4,524,MISFIRE,No pressure rise post-spark,8e-05,99.98
224,5160.6,-15.3,1.18,507,MISFIRE,No pressure rise post-spark,4e-05,99.98
225,3403.3,-17.4,0.65,439,MISFIRE,No pressure rise post-spark,7e-05,99.98
226,5084.1,-15.5,1.18,507,MISFIRE,No pressure rise post-spark,5e-05,99.98
227,6888.6,-10.6,1.13,524,MISFIRE,No pressure rise post-spark,3e-05,99.98
228,1745.9,-8.8,1.29,530,MISFIRE,No pressure rise post-spark,0.00022,99.98
229,4182.6,-8.7,1.46,530,MISFIRE,No pressure rise post-spark,7e-05,99.98
230,1830.7,-15.4,1.08,507,MISFIRE,No pressure rise post-spark,0.0002,99.97
231,2259.8,-16.6,1.1,503,MISFIRE,No pressure rise post-spark,0.00015,99.97
232,2990.4,-12.5,1.3,518,MISFIRE,No pressure rise post-spark,0.0001,99.97
233,2426.4,-12.1,1.25,518,MISFIRE,No pressure rise post-spark,0.00014,99.97
234,3259.2,-16.2,1.16,503,MISFIRE,No pressure rise post-spark,9e-05,99.97
235,3482.7,-9.4,1.42,527,MISFIRE,No pressure rise post-spark,9e-05,99.97
236,2124.9,-13.7,1.19,515,MISFIRE,No pressure rise post-spark,0.00016,99.97
237,4253.4,-16.0,1.22,507,MISFIRE,No pressure rise post-spark,6e-05,99.97
238,6312.1,-8.3,1.28,530,MISFIRE,No pressure rise post-spark,3e-05,99.98
239,4939.2,-14.2,1.23,511,MISFIRE,No pressure rise post-spark,5e-05,99.98
240,5360.7,-17.4,1.09,499,MISFIRE,No pressure rise post-spark,4e-05,99.98
241,6440.7,-11.7,1.17,521,MISFIRE,No pressure rise post-spark,3e-05,99.98
242,3535.2,-11.1,1.36,521,MISFIRE,No pressure rise post-spark,8e-05,99.98
243,2713.2,-11.5,1.31,521,MISFIRE,No pressure rise post-spark,0.00012,99.98
244,4431.3,-10.4,1.39,524,MISFIRE,No pressure rise post-spark,6e-05,99.98
245,6070.3,-12.1,1.2,518,MISFIRE,No pressure rise post-spark,3e-05,99.98
246,3103.6,-16.6,1.16,503,MISFIRE,No pressure rise post-spark,0.0001,99.98
247,1830.8,-8.7,1.3,530,MISFIRE,No pressure rise post-spark,0.00021,99.97
248,3135.4,-10.9,1.38,524,MISFIRE,No pressure rise post-spark,0.0001,99.98
249,5088.6,-8.2,1.42,530,MISFIRE,No pressure rise post-spark,5e-05,99.98
250,5298.5,-8.7,1.41,530,MISFIRE,No pressure rise post-spark,5e-05,99.98
251,4226.4,-11.0,1.36,521,MISFIRE,No pressure rise post-spark,6e-05,99.98
252,3913.1,-16.2,1.18,503,MISFIRE,No pressure rise post-spark,7e-05,99.98
253,7484.0,-17.0,0.9,503,MISFIRE,No pressure rise post-spark,2e-05,99.98
254,3858.8,-15.6,1.22,507,MISFIRE,No pressure rise post-spark,7e-05,99.98
255,2053.4,-8.3,1.33,530,MISFIRE,No pressure rise post-spark,0.00018,99.98
256,3268.4,-8.3,1.45,530,MISFIRE,No pressure rise post-spark,9e-05,99.98
257,6755.9,-8.4,1.2,530,MISFIRE,No pressure rise post-spark,3e-05,99.97
258,7313.9,-12.6,1.02,518,MISFIRE,No pressure rise post-spark,2e-05,99.97
259,5490.5,-14.2,1.19,511,MISFIRE,No pressure rise post-spark,4e-05,99.98
260,4836.2,-10.3,1.38,524,MISFIRE,No pressure rise post-spark,5e-05,99.97
261,2888.1,-8.1,1.42,530,MISFIRE,No pressure rise post-spark,0.00011,99.98
262,4235.5,-9.0,1.46,530,MISFIRE,No pressure rise post-spark,6e-05,99.98
263,7299.5,-14.9,1.12,530,MISFIRE,No pressure rise post-spark,2e-05,99.98
264,4022.4,-10.8,1.4,524,MISFIRE,No pressure rise post-spark,7e-05,99.98
265,3178.2,-12.4,1.31,518,MISFIRE,No pressure rise post-spark,0.0001,99.98
266,5353.2,-13.1,1.24,515,MISFIRE,No pressure rise post-spark,4e-05,99.98
267,4002.6,-14.5,1.26,511,MISFIRE,No pressure rise post-spark,7e-05,99.98
268,2577.5,-16.8,1.12,503,MISFIRE,No pressure rise post-spark,0.00012,99.98
269,3834.2,-13.1,1.29,515,MISFIRE,No pressure rise post-spark,7e-05,99.98
270,4834.9,-17.4,1.12,499,MISFIRE,No pressure rise post-spark,5e-05,99.98
271,4340.6,-14.1,1.25,511,MISFIRE,No pressure rise post-spark,6e-05,99.98
272,3042.6,-15.0,1.19,507,MISFIRE,No pressure rise post-spark,0.0001,99.98
273,6430.0,-16.0,0.61,447,MISFIRE,No pressure rise post-spark,3e-05,99.98
274,2159.5,-16.5,1.09,503,MISFIRE,No pressure rise post-spark,0.00016,99.98
275,2641.4,-10.3,1.34,524,MISFIRE,No pressure rise post-spark,0.00013,99.98
276,6421.6,-9.3,1.24,527,MISFIRE,No pressure rise post-spark,3e-05,99.98
277,2840.8,-11.3,1.32,521,MISFIRE,No pressure rise post-spark,0.00011,99.98
278,4533.6,-14.7,1.25,511,MISFIRE,No pressure rise post-spark,6e-05,99.98
279,6024.7,-14.5,1.14,511,MISFIRE,No pressure rise post-spark,3e-05,99.98
280,6336.5,-9.3,1.25,527,MISFIRE,No pressure rise post-spark,3e-05,99.98
281,7441.5,-9.7,1.1,527,MISFIRE,No pressure rise post-spark,2e-05,99.98
282,2266.2,-12.6,1.24,518,MISFIRE,No pressure rise post-spark,0.00015,99.98
283,3185.9,-9.5,1.41,527,MISFIRE,No pressure rise post-spark,0.0001,99.98
284,3072.8,-13.9,1.27,515,MISFIRE,No pressure rise post-spark,0.0001,99.98
285,4476.9,-9.1,1.43,527,MISFIRE,No pressure rise post-spark,6e-05,99.98
286,2171.5,-12.3,1.23,518,MISFIRE,No pressure rise post-spark,0.00016,99.98
287,5023.5,-8.2,1.43,530,MISFIRE,No pressure rise post-spark,5e-05,99.98
288,3186.7,-11.0,1.38,524,MISFIRE,No pressure rise post-spark,0.0001,99.98
289,6131.4,-17.6,1.02,499,MISFIRE,No pressure rise post-spark,3e-05,99.98
290,4686.3,-11.7,1.35,521,MISFIRE,No pressure rise post-spark,5e-05,99.98
291,6154.0,-17.0,1.05,503,MISFIRE,No pressure rise post-spark,3e-05,99.98
292,2680.9,-16.5,1.13,503,MISFIRE,No pressure rise post-spark,0.00012,99.98
293,6474.9,-16.6,1.01,503,MISFIRE,No pressure rise post-spark,3e-05,99.98
294,3473.8,-9.0,1.42,527,MISFIRE,No pressure rise post-spark,9e-05,99.98
295,3485.5,-15.6,1.21,507,MISFIRE,No pressure rise post-spark,8e-05,99.98
296,4593.7,-12.3,1.32,518,MISFIRE,No pressure rise post-spark,6e-05,99.98
297,3075.0,-13.3,1.27,515,MISFIRE,No pressure rise post-spark,0.0001,99.98
298,7031.1,-8.5,1.15,530,MISFIRE,No pressure rise post-spark,3e-05,99.98
299,5665.1,-10.7,1.31,524,MISFIRE,No pressure rise post-spark,4e-05,99.98
300,6483.2,-14.8,1.07,511,MISFIRE,No pressure rise post-spark,3e-05,99.98
301,5200.2,-11.5,1.32,521,MISFIRE,No pressure rise post-spark,5e-05,99.98
302,6131.9,-17.2,1.02,499,MISFIRE,No pressure rise post-spark,3e-05,99.98
303,2051.5,-11.7,1.24,521,MISFIRE,No pressure rise post-spark,0.00018,99.98
304,3641.5,-8.4,1.46,530,MISFIRE,No pressure rise post-spark,8e-05,99.98
305,3627.5,-17.1,1.14,499,MISFIRE,No pressure rise post-spark,8e-05,99.98
306,4203.5,-17.1,1.14,499,MISFIRE,No pressure rise post-spark,6e-05,99.98
307,3153.5,-17.4,1.12,499,MISFIRE,No pressure rise post-spark,9e-05,99.98
308,6013.7,-13.5,1.17,515,MISFIRE,No pressure rise post-spark,3e-05,99.98
309,3299.4,-10.4,1.38,524,MISFIRE,No pressure rise post-spark,9e-05,99.98
310,3337.1,-10.5,1.39,524,MISFIRE,No pressure rise post-spark,9e-05,99.98
311,7274.3,-15.7,1.07,524,MISFIRE,No pressure rise post-spark,2e-05,99.98
312,6211.9,-12.1,1.18,518,MISFIRE,No pressure rise post-spark,3e-05,99.98
313,2008.3,-8.3,0.84,475,MISFIRE,No pressure rise post-spark,0.00016,99.98
314,5026.6,-13.7,1.26,515,MISFIRE,No pressure rise post-spark,5e-05,99.98
315,2937.6,-14.8,1.26,515,MISFIRE,No pressure rise post-spark,0.00011,99.98
316,3893.4,-13.2,1.29,515,MISFIRE,No pressure rise post-spark,7e-05,99.98
317,6925.7,-13.1,1.03,515,MISFIRE,No pressure rise post-spark,3e-05,99.98
318,6365.8,-14.8,1.09,511,MISFIRE,No pressure rise post-spark,3e-05,99.98
319,5942.7,-15.3,1.11,507,MISFIRE,No pressure rise post-spark,3e-05,99.98
320,4229.3,-11.9,1.36,521,MISFIRE,No pressure rise post-spark,6e-05,99.98
321,6158.0,-12.5,1.19,518,MISFIRE,No pressure rise post-spark,3e-05,99.98
322,3144.1,-8.8,0.91,475,MISFIRE,No pressure rise post-spark,9e-05,99.98
323,3397.2,-13.7,1.28,515,MISFIRE,No pressure rise post-spark,9e-05,99.98
324,6518.2,-17.4,1.1,515,MISFIRE,No pressure rise post-spark,3e-05,99.98
325,2499.5,-12.6,1.26,518,MISFIRE,No pressure rise post-spark,0.00013,99.98
326,6927.2,-18.0,0.91,499,MISFIRE,No pressure rise post-spark,2e-05,99.98
327,6471.2,-14.4,1.08,511,MISFIRE,No pressure rise post-spark,3e-05,99.98
328,6433.0,-16.8,1.02,503,MISFIRE,No pressure rise post-spark,3e-05,99.98
329,6803.4,-13.2,1.06,515,MISFIRE,No pressure rise post-spark,3e-05,99.98
330,4851.1,-16.2,1.16,503,MISFIRE,No pressure rise post-spark,5e-05,99.98
331,7484.5,-12.0,1.04,521,MISFIRE,No pressure rise post-spark,2e-05,99.98
332,5503.2,-11.8,1.29,521,MISFIRE,No pressure rise post-spark,4e-05,99.98
333,2367.7,-9.0,1.34,527,MISFIRE,No pressure rise post-spark,0.00015,99.98
334,6257.8,-15.7,1.07,507,MISFIRE,No pressure rise post-spark,3e-05,99.98
335,1664.7,-16.6,1.03,503,MISFIRE,No pressure rise post-spark,0.00022,99.98
336,6579.6,-16.2,0.99,503,MISFIRE,No pressure rise post-spark,3e-05,99.98
337,1550.6,-12.5,1.14,518,MISFIRE,No pressure rise post-spark,0.00026,99.98
338,2010.4,-14.8,0.67,451,MISFIRE,No pressure rise post-spark,0.00015,99.98
339,4974.0,-17.1,1.12,499,MISFIRE,No pressure rise post-spark,5e-05,99.98
340,3885.7,-15.8,1.22,507,MISFIRE,No pressure rise post-spark,7e-05,99.98
341,1895.6,-12.8,1.19,518,MISFIRE,No pressure rise post-spark,0.00019,99.98
342,3599.5,-9.6,1.43,527,MISFIRE,No pressure rise post-spark,8e-05,99.98
343,3420.7,-13.6,1.28,515,MISFIRE,No pressure rise post-spark,9e-05,99.98
344,1721.2,-11.4,1.2,521,MISFIRE,No pressure rise post-spark,0.00022,99.97
345,3973.9,-16.8,1.18,503,MISFIRE,No pressure rise post-spark,7e-05,99.97
346,7228.1,-16.5,0.9,503,MISFIRE,No pressure rise post-spark,2e-05,99.97
347,4820.1,-15.0,1.2,507,MISFIRE,No pressure rise post-spark,5e-05,99.97
348,7032.8,-11.0,1.1,524,MISFIRE,No pressure rise post-spark,3e-05,99.97
349,3074.8,-8.2,1.44,530,MISFIRE,No pressure rise post-spark,0.0001,99.97
350,3829.3,-9.6,1.43,527,MISFIRE,No pressure rise post-spark,8e-05,99.97
351,3602.3,-15.1,1.21,507,MISFIRE,No pressure rise post-spark,8e-05,99.97
352,6985.9,-8.4,1.16,530,MISFIRE,No pressure rise post-spark,3e-05,99.97
353,4095.1,-14.0,1.29,515,MISFIRE,No pressure rise post-spark,7e-05,99.97
354,7017.3,-12.9,1.05,518,MISFIRE,No pressure rise post-spark,3e-05,99.97
355,3945.6,-9.4,1.43,527,MISFIRE,No pressure rise post-spark,7e-05,99.98
356,4422.3,-13.8,1.29,515,MISFIRE,No pressure rise post-spark,6e-05,99.98
357,2735.9,-15.1,1.17,507,MISFIRE,No pressure rise post-spark,0.00011,99.98
358,7217.9,-17.2,0.87,499,MISFIRE,No pressure rise post-spark,2e-05,99.98
359,2515.8,-17.5,1.08,499,MISFIRE,No pressure rise post-spark,0.00013,99.98
360,3381.0,-16.8,1.17,503,MISFIRE,No pressure rise post-spark,8e-05,99.98
361,4738.2,-13.9,1.28,515,MISFIRE,No pressure rise post-spark,5e-05,99.98
362,6289.4,-8.4,1.28,530,MISFIRE,No pressure rise post-spark,3e-05,99.98
363,7141.5,-15.0,0.96,511,MISFIRE,No pressure rise post-spark,2e-05,99.98
364,1933.1,-11.0,1.26,524,MISFIRE,No pressure rise post-spark,0.00019,99.97
365,2460.7,-12.8,1.26,518,MISFIRE,No pressure rise post-spark,0.00014,99.97
366,3182.6,-9.8,1.41,527,MISFIRE,No pressure rise post-spark,0.0001,99.97
367,5047.8,-17.6,1.11,499,MISFIRE,No pressure rise post-spark,5e-05,99.97
368,3818.3,-8.5,1.46,530,MISFIRE,No pressure rise post-spark,8e-05,99.97
369,6707.6,-18.0,0.94,499,MISFIRE,No pressure rise post-spark,3e-05,99.97
370,6225.5,-17.6,1.01,499,MISFIRE,No pressure rise post-spark,3e-05,99.97
371,3882.8,-12.3,1.33,518,MISFIRE,No pressure rise post-spark,7e-05,99.97
372,4027.9,-8.2,1.47,530,MISFIRE,No pressure rise post-spark,7e-05,99.97
373,7076.7,-12.1,1.03,518,MISFIRE,No pressure rise post-spark,2e-05,99.97
374,2179.4,-8.4,1.35,530,MISFIRE,No pressure rise post-spark,0.00017,99.97
375,4201.7,-14.8,0.74,451,MISFIRE,No pressure rise post-spark,5e-05,99.97
376,6813.0,-16.8,0.96,503,MISFIRE,No pressure rise post-spark,3e-05,99.97
377,4582.5,-8.0,1.45,530,MISFIRE,No pressure rise post-spark,6e-05,99.97
378,1886.8,-14.2,1.12,511,MISFIRE,No pressure rise post-spark,0.00019,99.97
379,7193.9,-9.8,1.1,527,MISFIRE,No pressure rise post-spark,2e-05,99.97
380,2805.5,-16.6,1.14,503,MISFIRE,No pressure rise post-spark,0.00011,99.97
381,4858.7,-9.5,1.41,527,MISFIRE,No pressure rise post-spark,5e-05,99.97
382,4064.9,-15.3,1.22,507,MISFIRE,No pressure rise post-spark,7e-05,99.97
383,5887.4,-16.0,1.12,507,MISFIRE,No pressure rise post-spark,4e-05,99.97
384,3452.0,-9.8,1.42,527,MISFIRE,No pressure rise post-spark,9e-05,99.97
385,3077.7,-14.0,1.27,515,MISFIRE,No pressure rise post-spark,0.0001,99.97
386,5757.9,-10.6,1.3,524,MISFIRE,No pressure rise post-spark,4e-05,99.97
387,5491.6,-9.0,1.36,527,MISFIRE,No pressure rise post-spark,4e-05,99.97
388,5369.8,-16.0,1.16,507,MISFIRE,No pressure rise post-spark,4e-05,99.97
389,6842.8,-15.5,0.99,507,MISFIRE,No pressure rise post-spark,3e-05,99.97
390,1752.2,-11.6,1.2,521,MISFIRE,No pressure rise post-spark,0.00022,99.97
391,3704.9,-17.2,0.66,439,MISFIRE,No pressure rise post-spark,6e-05,99.97
392,3901.1,-11.8,1.37,521,MISFIRE,No pressure rise post-spark,7e-05,99.97
393,4948.5,-13.7,1.27,515,MISFIRE,No pressure rise post-spark,5e-05,99.97
394,6482.8,-13.0,1.11,515,MISFIRE,No pressure rise post-spark,3e-05,99.97
395,5386.8,-17.1,1.24,515,MISFIRE,No pressure rise post-spark,4e-05,99.97
396,5829.4,-11.5,1.26,521,MISFIRE,No pressure rise post-spark,4e-05,99.97
397,3894.5,-9.1,1.43,527,MISFIRE,No pressure rise post-spark,7e-05,99.97
398,1925.7,-17.1,1.03,499,MISFIRE,No pressure rise post-spark,0.00018,99.97
399,6333.1,-10.9,1.22,524,MISFIRE,No pressure rise post-spark,3e-05,99.97
400,1788.6,-14.0,1.11,511,MISFIRE,No pressure rise post-spark,0.00021,99.97
401,4826.2,-8.7,1.44,530,MISFIRE,No pressure rise post-spark,5e-05,99.97
402,6155.8,-13.2,1.15,515,MISFIRE,No pressure rise post-spark,3e-05,99.97
403,3188.6,-14.9,1.24,511,MISFIRE,No pressure rise post-spark,9e-05,99.97
404,5920.4,-11.3,1.25,521,MISFIRE,No pressure rise post-spark,4e-05,99.97
405,1795.8,-9.6,1.27,527,MISFIRE,No pressure rise post-spark,0.00021,99.97
406,4842.3,-10.0,1.38,524,MISFIRE,No pressure rise post-spark,5e-05,99.97
407,5242.2,-12.9,1.28,518,MISFIRE,No pressure rise post-spark,4e-05,99.97
408,2140.0,-8.3,1.35,530,MISFIRE,No pressure rise post-spark,0.00017,99.97
409,3214.5,-16.8,0.68,443,MISFIRE,No pressure rise post-spark,8e-05,99.97
410,3855.9,-9.8,1.43,527,MISFIRE,No pressure rise post-spark,7e-05,99.97
411,2916.9,-8.2,1.42,530,MISFIRE,No pressure rise post-spark,0.00011,99.97
412,4362.4,-13.2,1.29,515,MISFIRE,No pressure rise post-spark,6e-05,99.97
413,2290.8,-8.9,1.36,530,MISFIRE,No pressure rise post-spark,0.00015,99.97
414,5978.4,-10.4,1.27,524,MISFIRE,No pressure rise post-spark,4e-05,99.97
415,4841.4,-15.0,1.24,511,MISFIRE,No pressure rise post-spark,5e-05,99.97
416,7180.1,-16.3,0.9,503,MISFIRE,No pressure rise post-spark,2e-05,99.97
417,3236.8,-13.8,1.28,515,MISFIRE,No pressure rise post-spark,9e-05,99.97
418,7311.9,-16.7,0.9,503,MISFIRE,No pressure rise post-spark,2e-05,99.97
419,6582.1,-11.0,1.15,521,MISFIRE,No pressure rise post-spark,3e-05,99.97
420,5442.2,-14.1,1.2,511,MISFIRE,No pressure rise post-spark,4e-05,99.97
421,6098.7,-14.3,1.13,511,MISFIRE,No pressure rise post-spark,3e-05,99.97
422,6091.9,-12.9,0.71,459,MISFIRE,No pressure rise post-spark,3e-05,99.97
423,4971.7,-8.2,1.43,530,MISFIRE,No pressure rise post-spark,5e-05,99.97
424,2648.6,-14.3,0.71,451,MISFIRE,No pressure rise post-spark,0.0001,99.97
425,6662.4,-16.1,0.98,503,MISFIRE,No pressure rise post-spark,3e-05,99.97
426,7334.0,-17.7,0.87,499,MISFIRE,No pressure rise post-spark,2e-05,99.97
427,5131.6,-13.3,1.26,515,MISFIRE,No pressure rise post-spark,5e-05,99.97
428,6755.6,-12.0,1.09,518,MISFIRE,No pressure rise post-spark,3e-05,99.97
429,1963.0,-12.3,1.2,518,MISFIRE,No pressure rise post-spark,0.00019,99.97
430,3451.6,-14.4,1.25,511,MISFIRE,No pressure rise post-spark,8e-05,99.97
431,2002.6,-8.3,1.33,530,MISFIRE,No pressure rise post-spark,0.00019,99.97
432,3414.4,-12.5,1.32,518,MISFIRE,No pressure rise post-spark,9e-05,99.97
433,5599.0,-17.0,1.07,499,MISFIRE,No pressure rise post-spark,4e-05,99.97
434,1682.6,-16.4,1.03,503,MISFIRE,No pressure rise post-spark,0.00022,99.97
435,1871.1,-13.0,1.16,515,MISFIRE,No pressure rise post-spark,0.0002,99.97
436,2419.6,-11.6,1.29,521,MISFIRE,No pressure rise post-spark,0.00014,99.97
437,7491.3,-14.7,0.96,511,MISFIRE,No pressure rise post-spark,2e-05,99.97
438,3489.2,-14.9,1.25,511,MISFIRE,No pressure rise post-spark,8e-05,99.97
439,6715.8,-11.4,1.13,521,MISFIRE,No pressure rise post-spark,3e-05,99.97
440,4656.3,-13.4,1.28,515,MISFIRE,No pressure rise post-spark,5e-05,99.97
441,4980.8,-15.8,1.19,507,MISFIRE,No pressure rise post-spark,5e-05,99.97
442,2135.8,-8.4,1.35,530,MISFIRE,No pressure rise post-spark,0.00017,99.97
443,1666.3,-8.3,1.28,530,MISFIRE,No pressure rise post-spark,0.00024,99.97
444,3030.4,-12.8,1.3,518,MISFIRE,No pressure rise post-spark,0.0001,99.97
445,4107.2,-12.1,1.33,518,MISFIRE,No pressure rise post-spark,7e-05,99.97
446,4392.1,-13.3,1.29,515,MISFIRE,No pressure rise post-spark,6e-05,99.97
447,2753.5,-9.0,1.25,515,MISFIRE,No pressure rise post-spark,0.00012,99.97
448,4400.2,-11.4,1.36,521,MISFIRE,No pressure rise post-spark,6e-05,99.97
449,1838.3,-12.3,1.18,518,MISFIRE,No pressure rise post-spark,0.0002,99.97
450,6832.7,-8.3,1.19,530,MISFIRE,No pressure rise post-spark,3e-05,99.97
451,5737.9,-12.0,1.24,518,MISFIRE,No pressure rise post-spark,4e-05,99.97
452,2061.9,-10.1,1.28,524,MISFIRE,No pressure rise post-spark,0.00018,99.97
453,1569.6,-10.7,1.21,524,MISFIRE,No pressure rise post-spark,0.00025,99.97
454,5026.4,-11.7,1.33,521,MISFIRE,No pressure rise post-spark,5e-05,99.97
455,3881.9,-18.0,1.14,499,MISFIRE,No pressure rise post-spark,7e-05,99.97
456,6040.8,-15.3,1.1,507,MISFIRE,No pressure rise post-spark,3e-05,99.97
457,7323.3,-16.8,0.9,503,MISFIRE,No pressure rise post-spark,2e-05,99.97
458,5107.8,-9.3,1.39,527,MISFIRE,No pressure rise post-spark,5e-05,99.97
459,5433.3,-13.0,1.23,515,MISFIRE,No pressure rise post-spark,4e-05,99.97
460,1708.4,-11.2,1.2,521,MISFIRE,No pressure rise post-spark,0.00023,99.97
461,5651.5,-15.4,1.14,507,MISFIRE,No pressure rise post-spark,4e-05,99.97
462,1834.6,-8.2,1.3,530,MISFIRE,No pressure rise post-spark,0.00021,99.97
463,6195.7,-15.1,1.08,507,MISFIRE,No pressure rise post-spark,3e-05,99.97
464,5022.8,-8.3,1.43,530,MISFIRE,No pressure rise post-spark,5e-05,99.97
465,6352.1,-14.9,1.09,511,MISFIRE,No pressure rise post-spark,3e-05,99.97
466,3371.4,-8.7,1.45,530,MISFIRE,No pressure rise post-spark,9e-05,99.97
467,2882.5,-13.9,1.26,515,MISFIRE,No pressure rise post-spark,0.00011,99.97
468,7384.7,-8.1,1.12,530,MISFIRE,No pressure rise post-spark,2e-05,99.97
469,1641.9,-11.3,1.19,521,MISFIRE,No pressure rise post-spark,0.00024,99.97
470,4542.4,-12.3,1.32,518,MISFIRE,No pressure rise post-spark,6e-05,99.97
471,2061.7,-12.6,1.21,518,MISFIRE,No pressure rise post-spark,0.00017,99.97
472,6532.6,-10.0,1.19,524,MISFIRE,No pressure rise post-spark,3e-05,99.97
473,5410.2,-13.0,1.27,518,MISFIRE,No pressure rise post-spark,4e-05,99.97
474,4336.2,-9.8,1.43,527,MISFIRE,No pressure rise post-spark,6e-05,99.97
475,2382.8,-14.2,1.18,511,MISFIRE,No pressure rise post-spark,0.00014,99.97
476,3141.6,-17.0,1.16,503,MISFIRE,No pressure rise post-spark,9e-05,99.97
477,2836.8,-15.2,1.18,507,MISFIRE,No pressure rise post-spark,0.00011,99.97
478,2257.9,-14.6,1.17,511,MISFIRE,No pressure rise post-spark,0.00015,99.97
479,6602.5,-8.4,1.23,530,MISFIRE,No pressure rise post-spark,3e-05,99.97
480,7288.9,-17.5,0.87,499,MISFIRE,No pressure rise post-spark,2e-05,99.97
481,2339.9,-17.0,1.1,503,MISFIRE,No pressure rise post-spark,0.00014,99.97
482,6064.3,-13.1,1.17,515,MISFIRE,No pressure rise post-spark,3e-05,99.97
483,3819.8,-11.2,1.36,521,MISFIRE,No pressure rise post-spark,7e-05,99.97
484,6816.7,-11.8,1.11,521,MISFIRE,No pressure rise post-spark,3e-05,99.97
485,7400.1,-11.0,1.04,521,MISFIRE,No pressure rise post-spark,2e-05,99.97
486,2550.7,-11.3,0.79,463,MISFIRE,No pressure rise post-spark,0.00011,99.97
487,4123.6,-13.9,1.29,515,MISFIRE,No pressure rise post-spark,6e-05,99.97
488,3488.0,-11.7,1.36,521,MISFIRE,No pressure rise post-spark,8e-05,99.97
489,5622.6,-10.6,1.31,524,MISFIRE,No pressure rise post-spark,4e-05,99.97
490,4650.7,-13.2,1.28,515,MISFIRE,No pressure rise post-spark,5e-05,99.97
491,4172.3,-17.6,1.14,499,MISFIRE,No pressure rise post-spark,6e-05,99.97
492,6727.0,-12.7,1.1,518,MISFIRE,No pressure rise post-spark,3e-05,99.97
493,4867.1,-14.5,1.23,511,MISFIRE,No pressure rise post-spark,5e-05,99.97
494,3575.6,-9.7,1.25,511,MISFIRE,No pressure rise post-spark,8e-05,99.97
495,1514.3,-10.2,1.2,524,MISFIRE,No pressure rise post-spark,0.00027,99.97
496,3619.5,-12.7,1.33,518,MISFIRE,No pressure rise post-spark,8e-05,99.97
497,3111.7,-12.9,1.31,518,MISFIRE,No pressure rise post-spark,0.0001,99.97
498,6475.0,-13.9,1.11,515,MISFIRE,No pressure rise post-spark,3e-05,99.97
499,7171.7,-14.7,0.96,511,MISFIRE,No pressure rise post-spark,2e-05,99.97
500,6279.8,-9.2,1.26,527,MISFIRE,No pressure rise post-spark,3e-05,99.97
501,1829.8,-11.1,1.21,521,MISFIRE,No pressure rise post-spark,0.00021,99.97
502,1589.3,-14.8,1.08,511,MISFIRE,No pressure rise post-spark,0.00024,99.97
503,4216.0,-8.5,1.46,530,MISFIRE,No pressure rise post-spark,7e-05,99.97
504,3430.4,-13.4,1.45,530,MISFIRE,No pressure rise post-spark,9e-05,99.97
505,4387.2,-17.7,1.14,499,MISFIRE,No pressure rise post-spark,6e-05,99.97
506,2468.6,-15.6,0.67,447,MISFIRE,No pressure rise post-spark,0.00011,99.97
507,7186.3,-13.1,0.99,515,MISFIRE,No pressure rise post-spark,2e-05,99.97
508,1945.6,-10.4,1.26,524,MISFIRE,No pressure rise post-spark,0.00019,99.97
509,4198.1,-14.7,1.26,511,MISFIRE,No pressure rise post-spark,6e-05,99.97
510,1737.6,-12.6,1.17,518,MISFIRE,No pressure rise post-spark,0.00022,99.97
511,3048.7,-15.2,1.19,507,MISFIRE,No pressure rise post-spark,0.0001,99.97
512,6061.9,-14.8,1.13,511,MISFIRE,No pressure rise post-spark,3e-05,99.97
513,2555.8,-9.0,1.36,527,MISFIRE,No pressure rise post-spark,0.00013,99.97
514,5186.8,-15.9,1.18,507,MISFIRE,No pressure rise post-spark,4e-05,99.97
515,5857.2,-13.5,1.19,515,MISFIRE,No pressure rise post-spark,4e-05,99.97
516,5041.2,-15.2,1.19,507,MISFIRE,No pressure rise post-spark,5e-05,99.97
517,6602.4,-13.7,1.09,515,MISFIRE,No pressure rise post-spark,3e-05,99.97
518,2020.5,-14.6,1.14,511,MISFIRE,No pressure rise post-spark,0.00017,99.97
519,1925.6,-17.5,1.03,499,MISFIRE,No pressure rise post-spark,0.00018,99.97
520,2859.7,-12.1,1.29,518,MISFIRE,No pressure rise post-spark,0.00011,99.97
521,1896.1,-15.8,1.09,507,MISFIRE,No pressure rise post-spark,0.00019,99.97
522,5434.5,-13.9,1.23,515,MISFIRE,No pressure rise post-spark,4e-05,99.97
523,4670.1,-8.9,1.45,530,MISFIRE,No pressure rise post-spark,6e-05,99.97
524,6671.8,-16.0,1.01,507,MISFIRE,No pressure rise post-spark,3e-05,99.97
525,4437.0,-16.4,0.68,443,MISFIRE,No pressure rise post-spark,5e-05,99.97
526,4871.9,-16.2,1.16,503,MISFIRE,No pressure rise post-spark,5e-05,99.97
527,6670.1,-8.5,1.22,530,MISFIRE,No pressure rise post-spark,3e-05,99.97
528,6527.0,-10.9,1.19,524,MISFIRE,No pressure rise post-spark,3e-05,99.97
529,2448.3,-12.5,1.26,518,MISFIRE,No pressure rise post-spark,0.00014,99.97
530,3964.1,-13.3,1.3,515,MISFIRE,No pressure rise post-spark,7e-05,99.97
531,3178.2,-15.9,1.2,507,MISFIRE,No pressure rise post-spark,9e-05,99.97
532,3486.3,-13.1,1.29,515,MISFIRE,No pressure rise post-spark,8e-05,99.97
533,4104.4,-17.9,1.14,499,MISFIRE,No pressure rise post-spark,6e-05,99.97
534,2174.5,-10.2,1.29,524,MISFIRE,No pressure rise post-spark,0.00016,99.97
535,2161.5,-15.0,1.12,507,MISFIRE,No pressure rise post-spark,0.00016,99.97
536,2947.6,-10.6,1.36,524,MISFIRE,No pressure rise post-spark,0.00011,99.97
537,3123.9,-12.1,1.31,518,MISFIRE,No pressure rise post-spark,0.0001,99.97
538,5419.2,-13.2,1.23,515,MISFIRE,No pressure rise post-spark,4e-05,99.97
539,2261.5,-14.8,1.17,511,MISFIRE,No pressure rise post-spark,0.00015,99.97
540,3710.3,-11.7,1.36,521,MISFIRE,No pressure rise post-spark,8e-05,99.97
541,4802.9,-12.7,1.31,518,MISFIRE,No pressure rise post-spark,5e-05,99.97
542,2745.6,-11.3,1.32,521,MISFIRE,No pressure rise post-spark,0.00012,99.97
543,2515.8,-12.2,1.26,518,MISFIRE,No pressure rise post-spark,0.00013,99.97
544,5937.5,-12.9,1.21,518,MISFIRE,No pressure rise post-spark,4e-05,99.97
545,6704.9,-9.1,1.19,527,MISFIRE,No pressure rise post-spark,3e-05,99.97
546,2782.5,-9.8,1.38,527,MISFIRE,No pressure rise post-spark,0.00012,99.97
547,4300.9,-14.6,1.25,511,MISFIRE,No pressure rise post-spark,6e-05,99.97
548,5123.1,-11.0,1.33,521,MISFIRE,No pressure rise post-spark,5e-05,99.97
549,5177.6,-14.1,1.22,511,MISFIRE,No pressure rise post-spark,4e-05,99.97
550,6788.5,-16.9,0.96,503,MISFIRE,No pressure rise post-spark,3e-05,99.97
551,6708.5,-13.2,1.07,515,MISFIRE,No pressure rise post-spark,3e-05,99.97
552,3976.1,-11.2,1.37,521,MISFIRE,No pressure rise post-spark,7e-05,99.97
553,6861.4,-14.7,1.01,511,MISFIRE,No pressure rise post-spark,3e-05,99.97
554,3099.5,-15.7,1.19,507,MISFIRE,No pressure rise post-spark,0.0001,99.97
555,7280.2,-9.3,1.1,527,MISFIRE,No pressure rise post-spark,2e-05,99.97
556,7224.5,-8.6,1.12,530,MISFIRE,No pressure rise post-spark,2e-05,99.97
557,3983.7,-9.6,1.43,527,MISFIRE,No pressure rise post-spark,7e-05,99.97
558,4280.9,-11.4,1.36,521,MISFIRE,No pressure rise post-spark,6e-05,99.97
559,6871.2,-10.9,1.13,524,MISFIRE,No pressure rise post-spark,3e-05,99.97
560,1581.6,-8.4,1.26,530,MISFIRE,No pressure rise post-spark,0.00026,99.97
561,2322.8,-9.2,1.34,527,MISFIRE,No pressure rise post-spark,0.00015,99.97
562,5903.7,-9.7,1.31,527,MISFIRE,No pressure rise post-spark,4e-05,99.97
563,2590.0,-8.2,1.4,530,MISFIRE,No pressure rise post-spark,0.00013,99.97
564,3957.9,-15.0,1.22,507,MISFIRE,No pressure rise post-spark,7e-05,99.97
565,3008.6,-11.3,1.33,521,MISFIRE,No pressure rise post-spark,0.0001,99.97
566,2958.8,-12.6,1.3,518,MISFIRE,No pressure rise post-spark,0.00011,99.97
567,3724.5,-8.3,1.46,530,MISFIRE,No pressure rise post-spark,8e-05,99.97
568,4445.0,-12.6,1.32,518,MISFIRE,No pressure rise post-spark,6e-05,99.97
569,7062.5,-8.7,1.14,530,MISFIRE,No pressure rise post-spark,3e-05,99.97
570,3440.7,-16.4,1.17,503,MISFIRE,No pressure rise post-spark,8e-05,99.97
571,1749.8,-13.1,1.14,515,MISFIRE,No pressure rise post-spark,0.00021,99.97
572,4283.6,-17.1,1.14,499,MISFIRE,No pressure rise post-spark,6e-05,99.97
573,7238.7,-15.9,0.93,507,MISFIRE,No pressure rise post-spark,2e-05,99.97
574,3314.2,-14.3,1.24,511,MISFIRE,No pressure rise post-spark,9e-05,99.97
575,6228.8,-8.7,1.29,530,MISFIRE,No pressure rise post-spark,3e-05,99.97
576,3296.5,-8.2,1.45,530,MISFIRE,No pressure rise post-spark,9e-05,99.97
577,4848.4,-11.8,1.34,521,MISFIRE,No pressure rise post-spark,5e-05,99.97
578,3776.0,-14.2,0.74,451,MISFIRE,No pressure rise post-spark,6e-05,99.97
579,4964.3,-12.9,1.3,518,MISFIRE,No pressure rise post-spark,5e-05,99.97
580,5304.3,-16.9,1.13,503,MISFIRE,No pressure rise post-spark,4e-05,99.97
581,4601.4,-15.0,1.21,507,MISFIRE,No pressure rise post-spark,5e-05,99.97
582,6443.2,-15.2,1.05,507,MISFIRE,No pressure rise post-spark,3e-05,99.97
583,7122.7,-8.2,1.13,530,MISFIRE,No pressure rise post-spark,2e-05,99.97
584,1948.9,-9.9,1.29,527,MISFIRE,No pressure rise post-spark,0.00019,99.97
585,6941.7,-13.4,1.03,515,MISFIRE,No pressure rise post-spark,3e-05,99.97
586,5956.5,-15.5,1.11,507,MISFIRE,No pressure rise post-spark,3e-05,99.97
587,4140.5,-12.3,1.33,518,MISFIRE,No pressure rise post-spark,7e-05,99.97
588,2351.7,-17.0,1.1,503,MISFIRE,No pressure rise post-spark,0.00014,99.97
589,6992.0,-11.6,1.08,521,MISFIRE,No pressure rise post-spark,3e-05,99.97
590,6778.4,-16.0,0.97,503,MISFIRE,No pressure rise post-spark,3e-05,99.97
591,5550.3,-18.0,1.08,499,MISFIRE,No pressure rise post-spark,4e-05,99.97
592,2857.2,-16.8,1.14,503,MISFIRE,No pressure rise post-spark,0.00011,99.97
593,3787.2,-13.9,1.29,515,MISFIRE,No pressure rise post-spark,7e-05,99.97
594,7112.7,-10.3,1.08,524,MISFIRE,No pressure rise post-spark,2e-05,99.97
595,5910.2,-14.6,1.15,511,MISFIRE,No pressure rise post-spark,4e-05,99.97
596,6658.6,-11.6,1.14,521,MISFIRE,No pressure rise post-spark,3e-05,99.97
597,2738.5,-17.9,1.1,499,MISFIRE,No pressure rise post-spark,0.00011,99.97
598,5494.7,-11.0,1.33,524,MISFIRE,No pressure rise post-spark,4e-05,99.97
599,7403.4,-9.7,1.1,527,MISFIRE,No pressure rise post-spark,2e-05,99.97
600,5553.7,-11.5,1.29,521,MISFIRE,No pressure rise post-spark,4e-05,99.97
601,1857.1,-11.5,1.22,521,MISFIRE,No pressure rise post-spark,0.0002,99.97
602,3091.7,-16.2,1.16,503,MISFIRE,No pressure rise post-spark,0.0001,99.97
603,2370.2,-11.0,1.11,503,MISFIRE,No pressure rise post-spark,0.00014,99.97
604,2082.1,-16.2,1.08,503,MISFIRE,No pressure rise post-spark,0.00016,99.97
605,5114.8,-14.0,1.26,515,MISFIRE,No pressure rise post-spark,5e-05,99.97
606,5688.1,-11.4,1.21,515,MISFIRE,No pressure rise post-spark,4e-05,99.97
607,5481.6,-17.2,1.08,499,MISFIRE,No pressure rise post-spark,4e-05,99.97
608,4103.1,-10.8,1.4,524,MISFIRE,No pressure rise post-spark,7e-05,99.97
609,3399.8,-16.7,1.17,503,MISFIRE,No pressure rise post-spark,8e-05,99.97
610,5685.5,-12.0,1.27,521,MISFIRE,No pressure rise post-spark,4e-05,99.97
611,5984.7,-17.3,1.04,499,MISFIRE,No pressure rise post-spark,3e-05,99.97
612,5492.7,-14.0,1.23,515,MISFIRE,No pressure rise post-spark,4e-05,99.97
613,2024.8,-15.4,1.18,515,MISFIRE,No pressure rise post-spark,0.00018,99.97
614,7021.3,-16.9,0.93,503,MISFIRE,No pressure rise post-spark,2e-05,99.97
615,4650.3,-11.0,1.35,521,MISFIRE,No pressure rise post-spark,5e-05,99.97
616,4041.5,-14.1,1.26,511,MISFIRE,No pressure rise post-spark,7e-05,99.97
617,6651.3,-16.6,0.98,503,MISFIRE,No pressure rise post-spark,3e-05,99.97
618,3829.8,-17.6,1.14,499,MISFIRE,No pressure rise post-spark,7e-05,99.97
619,5196.6,-16.1,1.14,503,MISFIRE,No pressure rise post-spark,4e-05,99.97
620,2188.3,-12.3,1.23,518,MISFIRE,No pressure rise post-spark,0.00016,99.97
621,6840.9,-15.4,0.99,507,MISFIRE,No pressure rise post-spark,3e-05,99.98
622,1736.7,-9.1,1.26,527,MISFIRE,No pressure rise post-spark,0.00022,99.97
623,2729.3,-17.7,1.1,499,MISFIRE,No pressure rise post-spark,0.00011,99.97
624,3014.2,-13.1,1.27,515,MISFIRE,No pressure rise post-spark,0.0001,99.97
625,3742.1,-14.8,1.25,511,MISFIRE,No pressure rise post-spark,7e-05,99.97
626,3287.8,-14.2,1.24,511,MISFIRE,No pressure rise post-spark,9e-05,99.97
627,3756.4,-14.8,1.25,511,MISFIRE,No pressure rise post-spark,7e-05,99.97
628,3412.4,-10.6,1.39,524,MISFIRE,No pressure rise post-spark,9e-05,99.97
629,6410.4,-16.9,0.59,443,MISFIRE,No pressure rise post-spark,3e-05,99.97
630,6367.1,-10.7,1.22,524,MISFIRE,No pressure rise post-spark,3e-05,99.97
631,4249.3,-9.1,1.43,527,MISFIRE,No pressure rise post-spark,6e-05,99.97
632,4767.5,-15.4,1.2,507,MISFIRE,No pressure rise post-spark,5e-05,99.97
633,3443.1,-17.0,1.17,503,MISFIRE,No pressure rise post-spark,8e-05,99.97
634,5935.2,-15.8,1.11,507,MISFIRE,No pressure rise post-spark,3e-05,99.97
635,7376.3,-8.7,1.12,530,MISFIRE,No pressure rise post-spark,2e-05,99.97
636,2149.2,-16.8,1.08,503,MISFIRE,No pressure rise post-spark,0.00016,99.97
637,6578.3,-14.6,1.06,511,MISFIRE,No pressure rise post-spark,3e-05,99.97
638,4037.1,-10.5,1.4,524,MISFIRE,No pressure rise post-spark,7e-05,99.97
639,1733.6,-15.5,1.07,507,MISFIRE,No pressure rise post-spark,0.00021,99.97
640,3185.9,-14.4,1.24,511,MISFIRE,No pressure rise post-spark,9e-05,99.97
641,4890.4,-12.0,1.31,518,MISFIRE,No pressure rise post-spark,5e-05,99.97
642,4276.8,-13.7,1.29,515,MISFIRE,No pressure rise post-spark,6e-05,99.97
643,5194.8,-16.8,1.14,503,MISFIRE,No pressure rise post-spark,4e-05,99.97
644,4760.9,-9.4,1.16,503,MISFIRE,No pressure rise post-spark,5e-05,99.97
645,2355.6,-12.6,1.25,518,MISFIRE,No pressure rise post-spark,0.00014,99.97
646,6527.4,-10.9,1.19,524,MISFIRE,No pressure rise post-spark,3e-05,99.97
647,1674.1,-14.5,1.1,511,MISFIRE,No pressure rise post-spark,0.00023,99.97
648,5322.1,-14.8,1.2,511,MISFIRE,No pressure rise post-spark,4e-05,99.97
649,6254.9,-11.2,1.2,521,MISFIRE,No pressure rise post-spark,3e-05,99.97
650,4662.6,-9.1,1.42,527,MISFIRE,No pressure rise post-spark,6e-05,99.97
651,3922.4,-12.0,1.37,521,MISFIRE,No pressure rise post-spark,7e-05,99.97
652,2573.7,-12.9,1.27,518,MISFIRE,No pressure rise post-spark,0.00013,99.97
653,6385.0,-13.3,1.12,515,MISFIRE,No pressure rise post-spark,3e-05,99.97
654,2224.9,-11.4,1.26,521,MISFIRE,No pressure rise post-spark,0.00016,99.97
655,7465.3,-17.7,0.87,499,MISFIRE,No pressure rise post-spark,2e-05,99.97
656,1617.8,-9.8,1.24,527,MISFIRE,No pressure rise post-spark,0.00025,99.97
657,1680.7,-12.7,1.16,518,MISFIRE,No pressure rise post-spark,0.00023,99.97
658,4094.6,-16.0,1.22,507,MISFIRE,No pressure rise post-spark,6e-05,99.97
659,2342.1,-12.7,1.24,518,MISFIRE,No pressure rise post-spark,0.00015,99.97
660,2224.1,-12.2,1.23,518,MISFIRE,No pressure rise post-spark,0.00016,99.97
661,5964.2,-15.5,1.11,507,MISFIRE,No pressure rise post-spark,3e-05,99.97
662,2165.6,-14.2,1.16,511,MISFIRE,No pressure rise post-spark,0.00016,99.97
663,5831.5,-17.6,1.05,499,MISFIRE,No pressure rise post-spark,3e-05,99.97
664,6265.4,-13.9,1.14,515,MISFIRE,No pressure rise post-spark,3e-05,99.97
665,5828.3,-8.3,1.35,530,MISFIRE,No pressure rise post-spark,4e-05,99.97
666,6993.6,-16.9,0.93,503,MISFIRE,No pressure rise post-spark,2e-05,99.97
667,5739.6,-12.6,1.24,518,MISFIRE,No pressure rise post-spark,4e-05,99.97
668,4432.2,-9.2,1.43,527,MISFIRE,No pressure rise post-spark,6e-05,99.97
669,5516.9,-16.8,1.12,503,MISFIRE,No pressure rise post-spark,4e-05,99.97
670,2784.2,-11.5,1.32,521,MISFIRE,No pressure rise post-spark,0.00012,99.97
671,7493.6,-16.7,0.9,503,MISFIRE,No pressure rise post-spark,2e-05,99.97
672,7356.2,-8.3,1.12,530,MISFIRE,No pressure rise post-spark,2e-05,99.97
673,2744.8,-14.5,1.21,511,MISFIRE,No pressure rise post-spark,0.00012,99.97
674,6362.3,-11.0,1.19,521,MISFIRE,No pressure rise post-spark,3e-05,99.97
675,6242.0,-10.2,1.23,524,MISFIRE,No pressure rise post-spark,3e-05,99.97
676,1533.3,-13.5,1.11,515,MISFIRE,No pressure rise post-spark,0.00026,99.97
677,1854.3,-15.1,1.09,507,MISFIRE,No pressure rise post-spark,0.00019,99.97
678,2744.0,-16.2,1.14,503,MISFIRE,No pressure rise post-spark,0.00011,99.97
679,3132.0,-16.8,1.16,503,MISFIRE,No pressure rise post-spark,9e-05,99.97
680,7342.9,-17.0,0.87,499,MISFIRE,No pressure rise post-spark,2e-05,99.97
681,4747.5,-8.1,1.45,530,MISFIRE,No pressure rise post-spark,5e-05,99.97
682,2583.9,-9.8,1.37,527,MISFIRE,No pressure rise post-spark,0.00013,99.97
683,4138.4,-11.2,1.37,521,MISFIRE,No pressure rise post-spark,7e-05,99.97
684,2536.7,-14.3,1.19,511,MISFIRE,No pressure rise post-spark,0.00013,99.97
685,1716.3,-9.3,1.26,527,MISFIRE,No pressure rise post-spark,0.00023,99.97
686,5354.6,-9.7,1.37,527,MISFIRE,No pressure rise post-spark,4e-05,99.97
687,4785.7,-10.8,1.38,524,MISFIRE,No pressure rise post-spark,5e-05,99.97
688,5207.3,-16.5,1.14,503,MISFIRE,No pressure rise post-spark,4e-05,99.97
689,7411.2,-15.8,0.93,507,MISFIRE,No pressure rise post-spark,2e-05,99.97
690,5164.9,-17.4,1.1,499,MISFIRE,No pressure rise post-spark,4e-05,99.97
691,6409.3,-17.6,0.99,499,MISFIRE,No pressure rise post-spark,3e-05,99.97
692,4679.3,-10.6,1.39,524,MISFIRE,No pressure rise post-spark,5e-05,99.97
693,5971.9,-11.6,1.24,521,MISFIRE,No pressure rise post-spark,4e-05,99.97
694,5392.1,-16.6,1.13,503,MISFIRE,No pressure rise post-spark,4e-05,99.97
695,3709.8,-15.2,0.71,447,MISFIRE,No pressure rise post-spark,6e-05,99.97
696,5579.3,-12.9,1.25,518,MISFIRE,No pressure rise post-spark,4e-05,99.97
697,6035.2,-11.8,1.23,521,MISFIRE,No pressure rise post-spark,3e-05,99.97
698,2078.0,-12.4,1.22,518,MISFIRE,No pressure rise post-spark,0.00017,99.97
699,7426.2,-14.7,0.96,511,MISFIRE,No pressure rise post-spark,2e-05,99.97
700,2997.0,-9.6,1.4,527,MISFIRE,No pressure rise post-spark,0.00011,99.97
701,3157.8,-9.4,1.41,527,MISFIRE,No pressure rise post-spark,0.0001,99.97
702,4353.2,-15.0,1.25,511,MISFIRE,No pressure rise post-spark,6e-05,99.97
703,6017.8,-9.5,1.3,527,MISFIRE,No pressure rise post-spark,4e-05,99.97
704,2490.4,-12.7,1.26,518,MISFIRE,No pressure rise post-spark,0.00013,99.97
705,6657.9,-17.2,0.95,499,MISFIRE,No pressure rise post-spark,3e-05,99.97
706,6199.3,-17.1,1.01,499,MISFIRE,No pressure rise post-spark,3e-05,99.97
707,7459.5,-10.6,1.07,524,MISFIRE,No pressure rise post-spark,2e-05,99.97
708,3507.5,-10.5,1.39,524,MISFIRE,No pressure rise post-spark,8e-05,99.97
709,4985.2,-11.6,0.81,463,MISFIRE,No pressure rise post-spark,4e-05,99.97
710,2030.8,-10.3,1.27,524,MISFIRE,No pressure rise post-spark,0.00018,99.97
711,3040.4,-17.1,1.12,499,MISFIRE,No pressure rise post-spark,0.0001,99.97
712,5779.7,-11.3,1.26,521,MISFIRE,No pressure rise post-spark,4e-05,99.97
713,2354.0,-10.7,1.31,524,MISFIRE,No pressure rise post-spark,0.00015,99.97
714,2221.6,-10.1,1.3,524,MISFIRE,No pressure rise post-spark,0.00016,99.97
715,6807.2,-9.6,1.17,527,MISFIRE,No pressure rise post-spark,3e-05,99.97
716,3190.1,-8.3,1.44,530,MISFIRE,No pressure rise post-spark,0.0001,99.97
717,1594.1,-15.9,1.05,507,MISFIRE,No pressure rise post-spark,0.00024,99.97
718,5593.7,-14.1,1.18,511,MISFIRE,No pressure rise post-spark,4e-05,99.97
719,2485.2,-8.4,1.39,530,MISFIRE,No pressure rise post-spark,0.00014,99.97
720,5530.8,-11.2,1.29,521,MISFIRE,No pressure rise post-spark,4e-05,99.97
721,7235.6,-16.8,0.9,503,MISFIRE,No pressure rise post-spark,2e-05,99.97
722,3002.3,-12.7,1.3,518,MISFIRE,No pressure rise post-spark,0.0001,99.97
723,7221.2,-15.2,0.93,507,MISFIRE,No pressure rise post-spark,2e-05,99.97
724,6423.6,-10.4,1.21,524,MISFIRE,No pressure rise post-spark,3e-05,99.97
725,3300.7,-11.3,1.35,521,MISFIRE,No pressure rise post-spark,9e-05,99.97
726,5262.7,-14.1,1.21,511,MISFIRE,No pressure rise post-spark,4e-05,99.97
727,5970.9,-10.0,1.3,527,MISFIRE,No pressure rise post-spark,4e-05,99.97
728,4448.3,-9.0,1.43,527,MISFIRE,No pressure rise post-spark,6e-05,99.97
729,4743.6,-13.2,1.28,515,MISFIRE,No pressure rise post-spark,5e-05,99.97
730,4809.9,-17.0,1.12,499,MISFIRE,No pressure rise post-spark,5e-05,99.97
731,3535.4,-13.9,1.29,515,MISFIRE,No pressure rise post-spark,8e-05,99.97
732,2127.9,-14.3,1.15,511,MISFIRE,No pressure rise post-spark,0.00016,99.97
733,4608.2,-17.2,1.13,499,MISFIRE,No pressure rise post-spark,5e-05,99.97
734,4270.3,-15.5,1.22,507,MISFIRE,No pressure rise post-spark,6e-05,99.97
735,3739.7,-9.8,1.43,527,MISFIRE,No pressure rise post-spark,8e-05,99.97
736,5789.3,-9.7,0.82,471,MISFIRE,No pressure rise post-spark,3e-05,99.97
737,6741.9,-12.8,1.1,518,MISFIRE,No pressure rise post-spark,3e-05,99.97
738,4649.0,-14.8,1.24,511,MISFIRE,No pressure rise post-spark,5e-05,99.97
739,4496.9,-15.2,1.21,507,MISFIRE,No pressure rise post-spark,6e-05,99.97
740,3053.2,-8.8,1.43,530,MISFIRE,No pressure rise post-spark,0.0001,99.97
741,6134.3,-13.9,1.16,515,MISFIRE,No pressure rise post-spark,3e-05,99.97
742,7231.3,-11.6,1.04,521,MISFIRE,No pressure rise post-spark,2e-05,99.97
743,4141.4,-16.2,1.18,503,MISFIRE,No pressure rise post-spark,6e-05,99.97
744,1607.2,-16.8,1.02,503,MISFIRE,No pressure rise post-spark,0.00023,99.97
745,2301.0,-14.6,1.17,511,MISFIRE,No pressure rise post-spark,0.00015,99.97
746,1930.8,-9.2,1.29,527,MISFIRE,No pressure rise post-spark,0.00019,99.97
747,2411.4,-12.7,1.25,518,MISFIRE,No pressure rise post-spark,0.00014,99.97
748,2788.4,-15.8,1.18,507,MISFIRE,No pressure rise post-spark,0.00011,99.97
749,4561.2,-10.7,1.39,524,MISFIRE,No pressure rise post-spark,6e-05,99.97
750,6337.6,-12.2,1.16,518,MISFIRE,No pressure rise post-spark,3e-05,99.97
751,4083.5,-9.3,1.43,527,MISFIRE,No pressure rise post-spark,7e-05,99.97
752,2682.1,-15.9,1.17,507,MISFIRE,No pressure rise post-spark,0.00012,99.97
753,3979.4,-13.7,1.3,515,MISFIRE,No pressure rise post-spark,7e-05,99.97
754,6802.0,-15.6,0.99,507,MISFIRE,No pressure rise post-spark,3e-05,99.97
755,2665.4,-10.6,1.34,524,MISFIRE,No pressure rise post-spark,0.00012,99.97
756,4504.0,-16.6,1.17,503,MISFIRE,No pressure rise post-spark,6e-05,99.97
757,6419.6,-18.0,0.98,499,MISFIRE,No pressure rise post-spark,3e-05,99.97
758,6106.3,-12.7,1.19,518,MISFIRE,No pressure rise post-spark,3e-05,99.97
759,2645.7,-16.3,1.13,503,MISFIRE,No pressure rise post-spark,0.00012,99.97
760,2532.5,-11.0,1.3,521,MISFIRE,No pressure rise post-spark,0.00013,99.97
761,6483.2,-10.8,1.2,524,MISFIRE,No pressure rise post-spark,3e-05,99.97
762,2904.4,-11.9,1.33,521,MISFIRE,No pressure rise post-spark,0.00011,99.97
763,7483.1,-13.9,0.99,515,MISFIRE,No pressure rise post-spark,2e-05,99.97
764,6358.0,-17.8,1.13,515,MISFIRE,No pressure rise post-spark,3e-05,99.97
765,1851.4,-16.2,1.05,503,MISFIRE,No pressure rise post-spark,0.00019,99.97
766,2768.5,-11.7,1.32,521,MISFIRE,No pressure rise post-spark,0.00012,99.97
767,3041.7,-16.3,1.15,503,MISFIRE,No pressure rise post-spark,0.0001,99.97
768,6706.5,-11.7,1.13,521,MISFIRE,No pressure rise post-spark,3e-05,99.97
769,3419.2,-10.8,1.39,524,MISFIRE,No pressure rise post-spark,9e-05,99.97
770,2744.8,-11.6,1.32,521,MISFIRE,No pressure rise post-spark,0.00012,99.97
771,6671.3,-13.5,1.08,515,MISFIRE,No pressure rise post-spark,3e-05,99.97
772,4678.2,-16.4,1.17,503,MISFIRE,No pressure rise post-spark,5e-05,99.97
773,4627.3,-17.3,1.13,499,MISFIRE,No pressure rise post-spark,5e-05,99.97
774,6338.2,-15.2,1.06,507,MISFIRE,No pressure rise post-spark,3e-05,99.97
775,3300.8,-13.5,1.28,515,MISFIRE,No pressure rise post-spark,9e-05,99.97
776,2043.4,-16.6,1.07,503,MISFIRE,No pressure rise post-spark,0.00017,99.97
777,2830.4,-16.9,1.14,503,MISFIRE,No pressure rise post-spark,0.00011,99.97
778,6515.1,-10.8,1.19,524,MISFIRE,No pressure rise post-spark,3e-05,99.97
779,5381.5,-8.9,1.4,530,MISFIRE,No pressure rise post-spark,4e-05,99.97
780,1765.6,-11.6,1.29,530,MISFIRE,No pressure rise post-spark,0.00022,99.97
781,5398.3,-11.1,1.3,521,MISFIRE,No pressure rise post-spark,4e-05,99.97
782,2063.7,-9.3,1.31,527,MISFIRE,No pressure rise post-spark,0.00018,99.97
783,7284.1,-10.5,1.07,524,MISFIRE,No pressure rise post-spark,2e-05,99.97
784,1751.9,-17.2,1.01,499,MISFIRE,No pressure rise post-spark,0.00021,99.97
785,1806.6,-18.0,1.01,499,MISFIRE,No pressure rise post-spark,0.0002,99.97
786,7439.4,-9.5,1.1,527,MISFIRE,No pressure rise post-spark,2e-05,99.97
787,5024.0,-8.1,1.43,530,MISFIRE,No pressure rise post-spark,5e-05,99.97
788,4639.5,-15.2,1.21,507,MISFIRE,No pressure rise post-spark,5e-05,99.97
789,6252.4,-11.2,1.2,521,MISFIRE,No pressure rise post-spark,3e-05,99.97
790,2730.2,-9.6,1.38,527,MISFIRE,No pressure rise post-spark,0.00012,99.97
791,5964.5,-10.3,1.27,524,MISFIRE,No pressure rise post-spark,4e-05,99.97
792,1888.4,-14.4,1.12,511,MISFIRE,No pressure rise post-spark,0.00019,99.97
793,4366.9,-15.1,1.25,511,MISFIRE,No pressure rise post-spark,6e-05,99.97
794,3152.0,-12.1,1.31,518,MISFIRE,No pressure rise post-spark,0.0001,99.97
795,7323.6,-17.2,0.87,499,MISFIRE,No pressure rise post-spark,2e-05,99.97
796,3054.8,-8.1,0.9,475,MISFIRE,No pressure rise post-spark,9e-05,99.97
797,5560.7,-17.4,0.62,439,MISFIRE,No pressure rise post-spark,3e-05,99.97
798,4446.5,-9.0,1.46,530,MISFIRE,No pressure rise post-spark,6e-05,99.97
799,4629.4,-16.5,1.17,503,MISFIRE,No pressure rise post-spark,5e-05,99.97
800,7161.4,-13.3,0.99,515,MISFIRE,No pressure rise post-spark,2e-05,99.97
801,1620.1,-16.2,1.02,503,MISFIRE,No pressure rise post-spark,0.00023,99.97
802,7273.3,-10.7,1.07,524,MISFIRE,No pressure rise post-spark,2e-05,99.97
803,6712.2,-10.8,1.16,524,MISFIRE,No pressure rise post-spark,3e-05,99.97
804,5335.4,-10.9,1.34,524,MISFIRE,No pressure rise post-spark,4e-05,99.97
805,3831.6,-13.5,1.29,515,MISFIRE,No pressure rise post-spark,7e-05,99.97
806,5618.5,-9.6,1.35,527,MISFIRE,No pressure rise post-spark,4e-05,99.97
807,5622.0,-10.3,1.31,524,MISFIRE,No pressure rise post-spark,4e-05,99.97
808,2265.1,-12.5,1.24,518,MISFIRE,No pressure rise post-spark,0.00015,99.97
809,3894.1,-14.1,1.26,511,MISFIRE,No pressure rise post-spark,7e-05,99.97
810,5175.2,-11.7,1.32,521,MISFIRE,No pressure rise post-spark,5e-05,99.97
811,3953.3,-15.3,1.22,507,MISFIRE,No pressure rise post-spark,7e-05,99.97
812,1946.1,-12.4,1.1,507,MISFIRE,No pressure rise post-spark,0.00018,99.97
813,4026.9,-12.9,1.33,518,MISFIRE,No pressure rise post-spark,7e-05,99.97
814,7282.0,-8.7,0.71,475,MISFIRE,No pressure rise post-spark,2e-05,99.97
815,2692.8,-12.2,1.28,518,MISFIRE,No pressure rise post-spark,0.00012,99.97
816,6505.6,-12.2,1.13,518,MISFIRE,No pressure rise post-spark,3e-05,99.97
817,5486.3,-9.3,0.84,471,MISFIRE,No pressure rise post-spark,4e-05,99.97
818,6677.0,-10.9,1.16,524,MISFIRE,No pressure rise post-spark,3e-05,99.97
819,7039.2,-14.2,0.98,511,MISFIRE,No pressure rise post-spark,2e-05,99.97
820,7263.7,-13.1,0.99,515,MISFIRE,No pressure rise post-spark,2e-05,99.97
821,6701.3,-12.3,1.1,518,MISFIRE,No pressure rise post-spark,3e-05,99.97
822,2651.9,-8.5,1.4,530,MISFIRE,No pressure rise post-spark,0.00013,99.97
823,5803.2,-14.0,1.2,515,MISFIRE,No pressure rise post-spark,4e-05,99.97
824,4767.2,-10.6,0.85,467,MISFIRE,No pressure rise post-spark,5e-05,99.97
825,3316.0,-15.4,1.2,507,MISFIRE,No pressure rise post-spark,9e-05,99.97
826,6970.1,-17.6,0.9,499,MISFIRE,No pressure rise post-spark,2e-05,99.97
827,4457.1,-11.2,1.36,521,MISFIRE,No pressure rise post-spark,6e-05,99.97
828,4796.4,-9.0,1.41,527,MISFIRE,No pressure rise post-spark,5e-05,99.97
829,7483.4,-12.2,1.02,518,MISFIRE,No pressure rise post-spark,2e-05,99.97
830,5280.0,-16.7,1.13,503,MISFIRE,No pressure rise post-spark,4e-05,99.97
831,3388.4,-11.4,1.35,521,MISFIRE,No pressure rise post-spark,9e-05,99.97
832,3414.9,-16.8,1.17,503,MISFIRE,No pressure rise post-spark,8e-05,99.97
833,2080.5,-8.1,1.34,530,MISFIRE,No pressure rise post-spark,0.00018,99.97
834,6727.8,-16.4,0.97,503,MISFIRE,No pressure rise post-spark,3e-05,99.97
835,5302.0,-13.8,1.24,515,MISFIRE,No pressure rise post-spark,4e-05,99.97
836,3488.8,-11.6,1.36,521,MISFIRE,No pressure rise post-spark,8e-05,99.97
837,3763.0,-14.7,1.25,511,MISFIRE,No pressure rise post-spark,7e-05,99.97
838,3699.6,-14.7,1.25,511,MISFIRE,No pressure rise post-spark,8e-05,99.97
839,4533.5,-17.3,1.13,499,MISFIRE,No pressure rise post-spark,5e-05,99.97
840,4422.7,-15.6,1.21,507,MISFIRE,No pressure rise post-spark,6e-05,99.97
841,3324.4,-14.2,1.24,511,MISFIRE,No pressure rise post-spark,9e-05,99.97
842,1780.5,-14.4,1.11,511,MISFIRE,No pressure rise post-spark,0.00021,99.97
843,2241.0,-11.5,1.27,521,MISFIRE,No pressure rise post-spark,0.00016,99.97
844,1638.0,-13.0,1.16,518,MISFIRE,No pressure rise post-spark,0.00024,99.97
845,1788.5,-14.2,1.18,518,MISFIRE,No pressure rise post-spark,0.00021,99.97
846,3276.5,-10.3,1.38,524,MISFIRE,No pressure rise post-spark,9e-05,99.97
847,3719.6,-8.5,1.46,530,MISFIRE,No pressure rise post-spark,8e-05,99.97
848,4027.1,-9.1,1.43,527,MISFIRE,No pressure rise post-spark,7e-05,99.97
849,6571.7,-15.6,1.03,507,MISFIRE,No pressure rise post-spark,3e-05,99.97
850,2601.1,-12.8,1.27,518,MISFIRE,No pressure rise post-spark,0.00013,99.97
851,4781.5,-16.2,1.16,503,MISFIRE,No pressure rise post-spark,5e-05,99.97
852,3557.5,-13.4,1.29,515,MISFIRE,No pressure rise post-spark,8e-05,99.97
853,6539.2,-9.0,1.22,527,MISFIRE,No pressure rise post-spark,3e-05,99.97
854,5022.9,-17.1,1.11,499,MISFIRE,No pressure rise post-spark,5e-05,99.97
855,5039.2,-17.1,1.11,499,MISFIRE,No pressure rise post-spark,5e-05,99.97
856,5153.4,-14.5,1.22,511,MISFIRE,No pressure rise post-spark,4e-05,99.97
857,6549.6,-14.1,1.06,511,MISFIRE,No pressure rise post-spark,3e-05,99.97
858,4825.6,-17.8,1.12,499,MISFIRE,No pressure rise post-spark,5e-05,99.97
859,2111.1,-13.6,1.19,515,MISFIRE,No pressure rise post-spark,0.00017,99.97
860,6479.5,-13.3,1.11,515,MISFIRE,No pressure rise post-spark,3e-05,99.97
861,5543.8,-16.9,1.11,503,MISFIRE,No pressure rise post-spark,4e-05,99.97
862,7114.8,-11.5,1.05,521,MISFIRE,No pressure rise post-spark,2e-05,99.97
863,4913.9,-15.9,1.19,507,MISFIRE,No pressure rise post-spark,5e-05,99.97
864,7365.7,-14.4,0.96,511,MISFIRE,No pressure rise post-spark,2e-05,99.97
865,2034.4,-9.6,1.3,527,MISFIRE,No pressure rise post-spark,0.00018,99.97
866,1990.1,-10.6,1.27,524,MISFIRE,No pressure rise post-spark,0.00018,99.97
867,1553.1,-14.7,0.63,451,MISFIRE,No pressure rise post-spark,0.00021,99.97
868,6526.5,-11.8,1.16,521,MISFIRE,No pressure rise post-spark,3e-05,99.97
869,2358.4,-16.8,1.1,503,MISFIRE,No pressure rise post-spark,0.00014,99.97
870,3769.3,-15.1,1.22,507,MISFIRE,No pressure rise post-spark,7e-05,99.97
871,5989.7,-9.5,1.1,507,MISFIRE,No pressure rise post-spark,3e-05,99.97
872,2412.7,-8.6,1.38,530,MISFIRE,No pressure rise post-spark,0.00014,99.97
873,7191.6,-11.1,1.04,521,MISFIRE,No pressure rise post-spark,2e-05,99.97
874,5690.4,-15.2,1.14,507,MISFIRE,No pressure rise post-spark,4e-05,99.97
875,4589.8,-13.3,0.76,455,MISFIRE,No pressure rise post-spark,5e-05,99.97
876,6811.3,-15.1,0.99,507,MISFIRE,No pressure rise post-spark,3e-05,99.97
877,6866.4,-12.4,1.07,518,MISFIRE,No pressure rise post-spark,3e-05,99.97
878,4597.4,-16.6,1.17,503,MISFIRE,No pressure rise post-spark,5e-05,99.97
879,7385.9,-11.4,1.04,521,MISFIRE,No pressure rise post-spark,2e-05,99.97
880,7053.2,-10.9,1.09,524,MISFIRE,No pressure rise post-spark,3e-05,99.97
881,6606.2,-16.5,0.58,443,MISFIRE,No pressure rise post-spark,2e-05,99.97
882,2910.2,-8.3,1.42,530,MISFIRE,No pressure rise post-spark,0.00011,99.97
883,3214.8,-17.2,1.12,499,MISFIRE,No pressure rise post-spark,9e-05,99.97
884,4330.3,-16.2,1.18,503,MISFIRE,No pressure rise post-spark,6e-05,99.97
885,3794.7,-11.3,1.18,503,MISFIRE,No pressure rise post-spark,7e-05,99.97
886,1533.4,-17.6,0.98,499,MISFIRE,No pressure rise post-spark,0.00025,99.97
887,1761.0,-9.7,1.26,527,MISFIRE,No pressure rise post-spark,0.00022,99.97
888,3118.0,-11.5,1.34,521,MISFIRE,No pressure rise post-spark,0.0001,99.97
889,3804.6,-14.7,1.26,511,MISFIRE,No pressure rise post-spark,7e-05,99.97
890,6171.6,-8.8,1.3,530,MISFIRE,No pressure rise post-spark,3e-05,99.97
891,4325.4,-11.2,1.36,521,MISFIRE,No pressure rise post-spark,6e-05,99.97
892,1956.8,-17.9,1.03,499,MISFIRE,No pressure rise post-spark,0.00018,99.97
893,4503.3,-15.5,1.21,507,MISFIRE,No pressure rise post-spark,6e-05,99.97
894,1785.6,-14.8,1.11,511,MISFIRE,No pressure rise post-spark,0.00021,99.97
895,4340.0,-17.6,1.25,511,MISFIRE,No pressure rise post-spark,6e-05,99.97
896,6420.9,-12.0,1.18,521,MISFIRE,No pressure rise post-spark,3e-05,99.97
897,6190.4,-8.3,1.3,530,MISFIRE,No pressure rise post-spark,3e-05,99.97
898,4812.1,-11.7,0.81,463,MISFIRE,No pressure rise post-spark,4e-05,99.97
899,1936.2,-14.1,1.13,511,MISFIRE,No pressure rise post-spark,0.00019,99.97
900,3582.7,-10.4,1.39,524,MISFIRE,No pressure rise post-spark,8e-05,99.97
901,7073.4,-16.9,0.92,503,MISFIRE,No pressure rise post-spark,2e-05,99.97
902,6953.0,-16.1,0.94,503,MISFIRE,No pressure rise post-spark,2e-05,99.97
903,3860.0,-9.4,1.43,527,MISFIRE,No pressure rise post-spark,7e-05,99.97
904,6475.2,-9.5,1.23,527,MISFIRE,No pressure rise post-spark,3e-05,99.97
905,6704.0,-13.4,1.07,515,MISFIRE,No pressure rise post-spark,3e-05,99.97
906,5610.9,-17.9,1.22,515,MISFIRE,No pressure rise post-spark,4e-05,99.97
907,2606.6,-8.5,0.88,475,MISFIRE,No pressure rise post-spark,0.00011,99.97
908,5710.9,-8.3,1.36,530,MISFIRE,No pressure rise post-spark,4e-05,99.97
909,2545.1,-9.3,1.36,527,MISFIRE,No pressure rise post-spark,0.00013,99.97
910,5835.4,-12.4,1.23,518,MISFIRE,No pressure rise post-spark,4e-05,99.97
911,1804.1,-13.1,0.68,455,MISFIRE,No pressure rise post-spark,0.00018,99.97
912,3211.9,-17.9,0.65,439,MISFIRE,No pressure rise post-spark,8e-05,99.97
913,6574.4,-11.8,1.15,521,MISFIRE,No pressure rise post-spark,3e-05,99.97
914,6866.6,-9.3,1.16,527,MISFIRE,No pressure rise post-spark,3e-05,99.97
915,5798.6,-11.9,1.26,521,MISFIRE,No pressure rise post-spark,4e-05,99.97
916,3512.0,-14.1,1.25,511,MISFIRE,No pressure rise post-spark,8e-05,99.97
917,4249.2,-15.7,1.22,507,MISFIRE,No pressure rise post-spark,6e-05,99.97
918,5197.3,-9.6,1.39,527,MISFIRE,No pressure rise post-spark,5e-05,99.97
919,7236.5,-9.3,1.1,527,MISFIRE,No pressure rise post-spark,2e-05,99.97
920,3710.1,-15.8,1.22,507,MISFIRE,No pressure rise post-spark,7e-05,99.97
921,6733.3,-13.7,1.07,515,MISFIRE,No pressure rise post-spark,3e-05,99.97
922,6149.7,-15.2,1.09,507,MISFIRE,No pressure rise post-spark,3e-05,99.97
923,3629.6,-13.0,1.33,518,MISFIRE,No pressure rise post-spark,8e-05,99.97
924,1739.4,-14.6,1.11,511,MISFIRE,No pressure rise post-spark,0.00021,99.97
925,2925.8,-8.9,1.43,530,MISFIRE,No pressure rise post-spark,0.00011,99.97
926,5291.3,-11.4,1.31,521,MISFIRE,No pressure rise post-spark,4e-05,99.97
927,2324.4,-11.5,1.28,521,MISFIRE,No pressure rise post-spark,0.00015,99.97
928,2183.2,-8.3,1.35,530,MISFIRE,No pressure rise post-spark,0.00017,99.97
929,4134.4,-17.2,1.14,499,MISFIRE,No pressure rise post-spark,6e-05,99.97
930,2784.2,-10.2,1.35,524,MISFIRE,No pressure rise post-spark,0.00012,99.97
931,6510.5,-17.4,0.97,499,MISFIRE,No pressure rise post-spark,3e-05,99.97
932,4922.3,-9.9,1.4,527,MISFIRE,No pressure rise post-spark,5e-05,99.97
933,2382.3,-10.4,1.31,524,MISFIRE,No pressure rise post-spark,0.00014,99.97
934,2018.3,-9.2,1.3,527,MISFIRE,No pressure rise post-spark,0.00018,99.97
935,7301.1,-11.0,0.66,467,MISFIRE,No pressure rise post-spark,2e-05,99.97
936,2657.4,-17.9,1.09,499,MISFIRE,No pressure rise post-spark,0.00012,99.97
937,7482.3,-16.2,0.9,503,MISFIRE,No pressure rise post-spark,2e-05,99.97
938,5542.0,-14.9,1.19,511,MISFIRE,No pressure rise post-spark,4e-05,99.97
939,1722.1,-11.8,1.2,521,MISFIRE,No pressure rise post-spark,0.00022,99.97
940,2554.2,-13.9,1.23,515,MISFIRE,No pressure rise post-spark,0.00013,99.97
941,6224.2,-9.2,1.27,527,MISFIRE,No pressure rise post-spark,3e-05,99.97
942,5076.5,-14.3,1.22,511,MISFIRE,No pressure rise post-spark,5e-05,99.97
943,2089.5,-9.9,1.31,527,MISFIRE,No pressure rise post-spark,0.00017,99.97
944,1977.3,-14.4,1.14,511,MISFIRE,No pressure rise post-spark,0.00018,99.97
945,3958.1,-14.8,0.74,451,MISFIRE,No pressure rise post-spark,6e-05,99.97
946,6527.6,-10.8,1.19,524,MISFIRE,No pressure rise post-spark,3e-05,99.97
947,5188.0,-9.6,0.86,471,MISFIRE,No pressure rise post-spark,4e-05,99.97
948,1983.9,-12.8,1.2,518,MISFIRE,No pressure rise post-spark,0.00018,99.97
949,4105.5,-8.1,1.47,530,MISFIRE,No pressure rise post-spark,7e-05,99.97
950,1901.4,-9.5,1.28,527,MISFIRE,No pressure rise post-spark,0.0002,99.97
951,3631.1,-10.8,1.4,524,MISFIRE,No pressure rise post-spark,8e-05,99.97
952,7302.2,-15.9,0.93,507,MISFIRE,No pressure rise post-spark,2e-05,99.97
953,2091.3,-12.4,1.22,518,MISFIRE,No pressure rise post-spark,0.00017,99.97
954,5153.2,-10.5,1.36,524,MISFIRE,No pressure rise post-spark,5e-05,99.97
955,4225.7,-9.4,1.43,527,MISFIRE,No pressure rise post-spark,6e-05,99.97
956,3176.5,-15.6,0.7,447,MISFIRE,No pressure rise post-spark,8e-05,99.97
957,5313.2,-11.3,1.31,521,MISFIRE,No pressure rise post-spark,4e-05,99.97
958,6165.8,-12.6,1.18,518,MISFIRE,No pressure rise post-spark,3e-05,99.97
959,7460.8,-15.0,0.57,451,MISFIRE,No pressure rise post-spark,2e-05,99.97
960,3881.2,-14.7,1.26,511,MISFIRE,No pressure rise post-spark,7e-05,99.97
961,7152.0,-15.4,0.93,507,MISFIRE,No pressure rise post-spark,2e-05,99.97
962,4030.8,-17.9,1.14,499,MISFIRE,No pressure rise post-spark,6e-05,99.97
963,7416.0,-13.6,0.99,515,MISFIRE,No pressure rise post-spark,2e-05,99.97
964,5434.8,-14.9,1.2,511,MISFIRE,No pressure rise post-spark,4e-05,99.97
965,6715.2,-11.6,1.13,521,MISFIRE,No pressure rise post-spark,3e-05,99.97
966,3026.4,-17.2,1.12,499,MISFIRE,No pressure rise post-spark,0.0001,99.97
967,6943.4,-10.3,1.11,524,MISFIRE,No pressure rise post-spark,3e-05,99.97
968,6845.8,-11.2,1.11,521,MISFIRE,No pressure rise post-spark,3e-05,99.97
969,2695.1,-13.8,1.24,515,MISFIRE,No pressure rise post-spark,0.00012,99.97
970,6722.0,-9.7,1.18,527,MISFIRE,No pressure rise post-spark,3e-05,99.97
971,3628.4,-10.5,1.4,524,MISFIRE,No pressure rise post-spark,8e-05,99.97
972,2880.8,-12.2,1.29,518,MISFIRE,No pressure rise post-spark,0.00011,99.97
973,3087.9,-11.6,1.34,521,MISFIRE,No pressure rise post-spark,0.0001,99.97
974,2092.6,-14.1,1.15,511,MISFIRE,No pressure rise post-spark,0.00017,99.97
975,3919.6,-9.7,1.43,527,MISFIRE,No pressure rise post-spark,7e-05,99.97
976,3013.4,-17.1,0.64,439,MISFIRE,No pressure rise post-spark,8e-05,99.97
977,2625.8,-9.7,1.37,527,MISFIRE,No pressure rise post-spark,0.00013,99.97
978,6702.1,-11.9,1.13,521,MISFIRE,No pressure rise post-spark,3e-05,99.97
979,5164.7,-9.7,1.39,527,MISFIRE,No pressure rise post-spark,5e-05,99.97
980,2520.9,-11.3,1.3,521,MISFIRE,No pressure rise post-spark,0.00013,99.97
981,7127.3,-12.3,1.02,518,MISFIRE,No pressure rise post-spark,2e-05,99.97
982,6760.1,-9.7,1.18,527,MISFIRE,No pressure rise post-spark,3e-05,99.97
983,6090.4,-12.1,1.19,518,MISFIRE,No pressure rise post-spark,3e-05,99.97
984,1969.4,-10.4,1.26,524,MISFIRE,No pressure rise post-spark,0.00019,99.97
985,6368.1,-17.5,0.99,499,MISFIRE,No pressure rise post-spark,3e-05,99.97
986,5491.6,-12.1,1.26,518,MISFIRE,No pressure rise post-spark,4e-05,99.97
987,4202.4,-10.0,1.4,524,MISFIRE,No pressure rise post-spark,6e-05,99.97
988,6845.0,-10.5,1.13,524,MISFIRE,No pressure rise post-spark,3e-05,99.97
989,6000.9,-16.9,1.07,503,MISFIRE,No pressure rise post-spark,3e-05,99.97
990,5586.7,-8.9,1.38,530,MISFIRE,No pressure rise post-spark,4e-05,99.97
991,2564.6,-13.4,1.23,515,MISFIRE,No pressure rise post-spark,0.00013,99.97
992,1702.8,-16.0,1.07,507,MISFIRE,No pressure rise post-spark,0.00022,99.97
993,5268.7,-9.6,1.38,527,MISFIRE,No pressure rise post-spark,5e-05,99.97
994,2785.1,-10.3,1.35,524,MISFIRE,No pressure rise post-spark,0.00012,99.97
995,2724.3,-15.3,1.17,507,MISFIRE,No pressure rise post-spark,0.00012,99.97
996,2623.0,-15.7,1.16,507,MISFIRE,No pressure rise post-spark,0.00012,99.97
997,3442.0,-13.0,1.29,515,MISFIRE,No pressure rise post-spark,8e-05,99.97
998,4432.1,-15.9,1.21,507,MISFIRE,No pressure rise post-spark,6e-05,99.97
999,5974.1,-13.9,1.18,515,MISFIRE,No pressure rise post-spark,3e-05,99.97
