Cycle,RPM,Status,Diagnosis,Peak_P_MPa,Peak_T_K,Applied_Drift_Deg,Next_Est_Drift_Deg
0,1184.3,STABLE,Normal Physics,1.17,527,0.0,8e-05
1,1254.8,STABLE,Normal Physics,1.18,527,2e-05,7e-05
2,1167.6,STABLE,Normal Physics,1.16,527,2e-05,8e-05
3,1191.9,STABLE,Normal Physics,1.17,527,2e-05,8e-05
4,1181.9,STABLE,Normal Physics,1.17,527,2e-05,8e-05
5,1255.0,STABLE,Normal Physics,1.18,527,2e-05,7e-05
6,1247.5,STABLE,Normal Physics,1.18,527,2e-05,7e-05
7,1277.0,STABLE,Normal Physics,1.18,527,2e-05,7e-05
8,1244.6,STABLE,Normal Physics,1.18,527,2e-05,7e-05
9,1302.1,STABLE,Normal Physics,1.19,527,2e-05,7e-05
10,1279.8,STABLE,Normal Physics,1.18,527,2e-05,7e-05
11,1296.7,EARLY_FIRE,Pre-ignition,1.19,527,2e-05,0.0
12,1314.9,STABLE,Normal Physics,1.19,527,0.0,7e-05
13,1313.7,STABLE,Normal Physics,1.19,527,2e-05,7e-05
14,1312.1,STABLE,Normal Physics,1.19,527,2e-05,7e-05
15,1285.3,STABLE,Normal Physics,1.18,527,2e-05,7e-05
16,1307.0,STABLE,Normal Physics,1.19,527,2e-05,7e-05
17,1342.3,STABLE,Normal Physics,1.2,527,2e-05,7e-05
18,1339.6,STABLE,Normal Physics,1.19,527,2e-05,7e-05
19,1352.8,STABLE,Normal Physics,1.2,527,2e-05,6e-05
20,1294.4,STABLE,Normal Physics,1.19,527,2e-05,7e-05
21,1351.8,STABLE,Normal Physics,1.2,527,2e-05,6e-05
22,1388.2,STABLE,Normal Physics,1.2,527,2e-05,6e-05
23,1328.9,STABLE,Normal Physics,1.19,527,2e-05,7e-05
24,1318.4,STABLE,Normal Physics,1.19,527,2e-05,7e-05
25,1382.3,STABLE,Normal Physics,1.2,527,2e-05,6e-05
26,1408.1,STABLE,Normal Physics,1.21,527,2e-05,6e-05
27,1356.4,STABLE,Normal Physics,1.2,527,2e-05,6e-05
28,1418.1,STABLE,Normal Physics,1.21,527,2e-05,6e-05
29,1370.8,STABLE,Normal Physics,1.2,527,2e-05,6e-05
30,1368.9,STABLE,Normal Physics,1.2,527,2e-05,6e-05
31,1414.6,STABLE,Normal Physics,1.21,527,2e-05,6e-05
32,1434.2,STABLE,Normal Physics,1.21,527,2e-05,6e-05
33,1422.1,STABLE,Normal Physics,1.21,527,2e-05,6e-05
34,1441.7,MISFIRE,Fuel cut,1.21,527,2e-05,0.0
35,1392.7,STABLE,Normal Physics,1.2,527,0.0,6e-05
36,1465.9,STABLE,Normal Physics,1.22,527,2e-05,6e-05
37,1403.3,STABLE,Normal Physics,1.21,527,2e-05,6e-05
38,1412.9,STABLE,Normal Physics,1.21,527,2e-05,6e-05
39,1467.9,STABLE,Normal Physics,1.22,527,2e-05,6e-05
40,1459.3,STABLE,Normal Physics,1.22,527,2e-05,6e-05
41,1429.0,STABLE,Normal Physics,1.21,527,2e-05,6e-05
42,1498.1,STABLE,Normal Physics,1.22,527,2e-05,6e-05
43,1534.3,STABLE,Normal Physics,1.23,527,2e-05,5e-05
44,1525.5,STABLE,Normal Physics,1.23,527,2e-05,5e-05
45,1492.9,STABLE,Normal Physics,1.22,527,2e-05,6e-05
46,1509.5,STABLE,Normal Physics,1.22,527,2e-05,6e-05
47,1558.1,STABLE,Normal Physics,1.23,527,2e-05,5e-05
48,1550.5,STABLE,Normal Physics,1.23,527,2e-05,5e-05
49,1536.2,STABLE,Normal Physics,1.23,527,2e-05,5e-05
50,1510.3,STABLE,Normal Physics,1.22,527,2e-05,6e-05
51,1549.6,STABLE,Normal Physics,1.23,527,2e-05,5e-05
52,1583.3,STABLE,Normal Physics,1.24,527,2e-05,5e-05
53,1560.4,MISFIRE,Fuel cut,1.23,527,2e-05,0.0
54,1599.2,STABLE,Normal Physics,1.24,527,0.0,5e-05
55,1572.6,STABLE,Normal Physics,1.23,527,2e-05,5e-05
56,1531.9,STABLE,Normal Physics,1.23,527,2e-05,5e-05
57,1614.9,STABLE,Normal Physics,1.24,527,2e-05,5e-05
58,1562.5,STABLE,Normal Physics,1.23,527,2e-05,5e-05
59,1619.8,STABLE,Normal Physics,1.24,527,2e-05,5e-05
60,1611.2,STABLE,Normal Physics,1.24,527,2e-05,5e-05
61,1656.7,STABLE,Normal Physics,1.25,527,2e-05,5e-05
62,1647.8,STABLE,Normal Physics,1.25,527,1e-05,5e-05
63,1600.1,STABLE,Normal Physics,1.24,527,1e-05,5e-05
64,1665.9,STABLE,Normal Physics,1.25,527,2e-05,5e-05
65,1681.1,STABLE,Normal Physics,1.25,527,1e-05,5e-05
66,1632.5,STABLE,Normal Physics,1.24,527,1e-05,5e-05
67,1693.8,STABLE,Normal Physics,1.25,527,1e-05,5e-05
68,1620.5,STABLE,Normal Physics,1.24,527,1e-05,5e-05
69,1715.2,STABLE,Normal Physics,1.26,527,2e-05,5e-05
70,1644.3,STABLE,Normal Physics,1.25,527,1e-05,5e-05
71,1641.6,STABLE,Normal Physics,1.25,527,1e-05,5e-05
72,1679.3,STABLE,Normal Physics,1.25,527,1e-05,5e-05
73,1693.7,STABLE,Normal Physics,1.25,527,1e-05,5e-05
74,1720.0,STABLE,Normal Physics,1.26,527,1e-05,5e-05
75,1661.9,STABLE,Normal Physics,1.25,527,1e-05,5e-05
76,1693.7,STABLE,Normal Physics,1.25,527,1e-05,5e-05
77,1708.4,STABLE,Normal Physics,1.26,527,1e-05,5e-05
78,1770.2,STABLE,Normal Physics,1.27,527,1e-05,4e-05
79,1757.8,MISFIRE,Fuel cut,1.26,527,1e-05,0.0
80,1696.2,STABLE,Normal Physics,1.25,527,0.0,5e-05
81,1751.8,STABLE,Normal Physics,1.26,527,1e-05,5e-05
82,1718.3,STABLE,Normal Physics,1.26,527,1e-05,5e-05
83,1799.4,STABLE,Normal Physics,1.27,527,1e-05,4e-05
84,1799.9,STABLE,Normal Physics,1.27,527,1e-05,4e-05
85,1729.3,STABLE,Normal Physics,1.26,527,1e-05,5e-05
86,1770.4,STABLE,Normal Physics,1.27,527,1e-05,4e-05
87,1828.4,EARLY_FIRE,Pre-ignition,1.27,527,1e-05,0.0
88,1824.4,STABLE,Normal Physics,1.27,527,0.0,4e-05
89,1797.2,STABLE,Normal Physics,1.27,527,1e-05,4e-05
90,1845.7,STABLE,Normal Physics,1.28,527,1e-05,4e-05
91,1840.8,STABLE,Normal Physics,1.28,527,1e-05,4e-05
92,1799.5,STABLE,Normal Physics,1.27,527,1e-05,4e-05
93,1809.5,EARLY_FIRE,Pre-ignition,1.27,527,1e-05,0.0
94,1863.8,STABLE,Normal Physics,1.28,527,0.0,4e-05
95,1861.6,STABLE,Normal Physics,1.28,527,1e-05,4e-05
96,1821.2,STABLE,Normal Physics,1.27,527,1e-05,4e-05
97,1896.0,STABLE,Normal Physics,1.28,527,1e-05,4e-05
98,1912.4,STABLE,Normal Physics,1.29,527,1e-05,4e-05
99,1907.6,STABLE,Normal Physics,1.29,527,1e-05,4e-05
100,1839.5,STABLE,Normal Physics,1.28,527,1e-05,4e-05
101,1871.0,STABLE,Normal Physics,1.28,527,1e-05,4e-05
102,1879.4,STABLE,Normal Physics,1.28,527,1e-05,4e-05
103,1900.3,STABLE,Normal Physics,1.28,527,1e-05,4e-05
104,1944.1,STABLE,Normal Physics,1.29,527,1e-05,4e-05
105,1949.1,STABLE,Normal Physics,1.29,527,1e-05,4e-05
106,1959.5,STABLE,Normal Physics,1.29,527,1e-05,4e-05
107,1952.1,STABLE,Normal Physics,1.29,527,1e-05,4e-05
108,1960.5,STABLE,Normal Physics,1.29,527,1e-05,4e-05
109,1967.1,STABLE,Normal Physics,1.29,527,1e-05,4e-05
110,1987.3,STABLE,Normal Physics,1.3,527,1e-05,4e-05
111,1977.1,STABLE,Normal Physics,1.3,527,1e-05,4e-05
112,1962.6,STABLE,Normal Physics,1.29,527,1e-05,4e-05
113,1957.3,STABLE,Normal Physics,1.29,527,1e-05,4e-05
114,1962.4,STABLE,Normal Physics,1.29,527,1e-05,4e-05
115,1950.9,STABLE,Normal Physics,1.29,527,1e-05,4e-05
116,1996.9,STABLE,Normal Physics,1.3,527,1e-05,4e-05
117,2033.1,STABLE,Normal Physics,1.3,527,1e-05,4e-05
118,2031.8,EARLY_FIRE,Pre-ignition,1.3,527,1e-05,0.0
119,1980.2,STABLE,Normal Physics,1.3,527,0.0,4e-05
120,1980.6,STABLE,Normal Physics,1.3,527,1e-05,4e-05
121,2040.8,STABLE,Normal Physics,1.3,527,1e-05,4e-05
122,1990.9,STABLE,Normal Physics,1.3,527,1e-05,4e-05
123,2054.6,STABLE,Normal Physics,1.31,527,1e-05,4e-05
124,2034.4,STABLE,Normal Physics,1.3,527,1e-05,4e-05
125,2047.4,STABLE,Normal Physics,1.3,527,1e-05,4e-05
126,2101.9,EARLY_FIRE,Pre-ignition,1.31,527,1e-05,0.0
127,2084.7,STABLE,Normal Physics,1.31,527,0.0,4e-05
128,2092.7,MISFIRE,Fuel cut,1.31,527,1e-05,0.0
129,2123.4,STABLE,Normal Physics,1.31,527,0.0,3e-05
130,2063.0,STABLE,Normal Physics,1.31,527,1e-05,4e-05
131,2124.3,STABLE,Normal Physics,1.31,527,1e-05,3e-05
132,2057.7,STABLE,Normal Physics,1.31,527,1e-05,4e-05
133,2127.8,STABLE,Normal Physics,1.32,527,1e-05,3e-05
134,2087.8,STABLE,Normal Physics,1.31,527,1e-05,4e-05
135,2121.7,STABLE,Normal Physics,1.31,527,1e-05,3e-05
136,2173.8,STABLE,Normal Physics,1.32,527,1e-05,3e-05
137,2174.1,STABLE,Normal Physics,1.32,527,1e-05,3e-05
138,2115.9,STABLE,Normal Physics,1.31,527,1e-05,3e-05
139,2152.3,STABLE,Normal Physics,1.32,527,1e-05,3e-05
140,2174.3,EARLY_FIRE,Pre-ignition,1.32,527,1e-05,0.0
141,2126.0,STABLE,Normal Physics,1.32,527,0.0,3e-05
142,2165.6,STABLE,Normal Physics,1.32,527,1e-05,3e-05
143,2201.0,STABLE,Normal Physics,1.32,527,1e-05,3e-05
144,2159.6,STABLE,Normal Physics,1.32,527,1e-05,3e-05
145,2225.9,STABLE,Normal Physics,1.33,527,1e-05,3e-05
146,2185.6,STABLE,Normal Physics,1.32,527,1e-05,3e-05
147,2158.6,STABLE,Normal Physics,1.32,527,1e-05,3e-05
148,2252.8,STABLE,Normal Physics,1.33,527,1e-05,3e-05
149,2229.0,STABLE,Normal Physics,1.33,527,1e-05,3e-05
150,2237.5,STABLE,Normal Physics,1.33,527,1e-05,3e-05
151,2214.8,STABLE,Normal Physics,1.33,527,1e-05,3e-05
152,2249.4,STABLE,Normal Physics,1.33,527,1e-05,3e-05
153,2220.7,STABLE,Normal Physics,1.33,527,1e-05,3e-05
154,2254.4,STABLE,Normal Physics,1.33,527,1e-05,3e-05
155,2276.3,STABLE,Normal Physics,1.33,527,1e-05,3e-05
156,2236.2,STABLE,Normal Physics,1.33,527,1e-05,3e-05
157,2310.9,STABLE,Normal Physics,1.34,527,1e-05,3e-05
158,2319.2,STABLE,Normal Physics,1.34,527,1e-05,3e-05
159,2285.3,STABLE,Normal Physics,1.33,527,1e-05,3e-05
160,2301.7,STABLE,Normal Physics,1.34,527,1e-05,3e-05
161,2278.8,STABLE,Normal Physics,1.33,527,1e-05,3e-05
162,2318.4,STABLE,Normal Physics,1.34,527,1e-05,3e-05
163,2268.4,STABLE,Normal Physics,1.33,527,1e-05,3e-05
164,2278.6,STABLE,Normal Physics,1.33,527,1e-05,3e-05
165,2362.3,STABLE,Normal Physics,1.34,527,1e-05,3e-05
166,2330.4,STABLE,Normal Physics,1.34,527,1e-05,3e-05
167,2379.6,STABLE,Normal Physics,1.34,527,1e-05,3e-05
168,2359.9,EARLY_FIRE,Pre-ignition,1.34,527,1e-05,0.0
169,2379.7,STABLE,Normal Physics,1.34,527,0.0,3e-05
170,2363.1,EARLY_FIRE,Pre-ignition,1.34,527,1e-05,0.0
171,2388.5,STABLE,Normal Physics,1.35,527,0.0,3e-05
172,2373.7,STABLE,Normal Physics,1.34,527,1e-05,3e-05
173,2376.0,STABLE,Normal Physics,1.34,527,1e-05,3e-05
174,2370.7,STABLE,Normal Physics,1.34,527,1e-05,3e-05
175,2431.9,STABLE,Normal Physics,1.35,527,1e-05,3e-05
176,2353.0,STABLE,Normal Physics,1.34,527,1e-05,3e-05
177,2395.1,STABLE,Normal Physics,1.35,527,1e-05,3e-05
178,2443.9,STABLE,Normal Physics,1.35,527,1e-05,3e-05
179,2396.2,STABLE,Normal Physics,1.35,527,1e-05,3e-05
180,2458.3,STABLE,Normal Physics,1.35,527,1e-05,3e-05
181,2410.4,STABLE,Normal Physics,1.35,527,1e-05,3e-05
182,2465.3,STABLE,Normal Physics,1.35,527,1e-05,3e-05
183,2494.1,STABLE,Normal Physics,1.36,527,1e-05,3e-05
184,2465.6,STABLE,Normal Physics,1.35,527,1e-05,3e-05
185,2441.2,STABLE,Normal Physics,1.35,527,1e-05,3e-05
186,2509.6,STABLE,Normal Physics,1.36,527,1e-05,3e-05
187,2481.1,STABLE,Normal Physics,1.36,527,1e-05,3e-05
188,2459.7,STABLE,Normal Physics,1.35,527,1e-05,3e-05
189,2514.7,STABLE,Normal Physics,1.36,527,1e-05,3e-05
190,2530.7,STABLE,Normal Physics,1.36,527,1e-05,3e-05
191,2515.2,STABLE,Normal Physics,1.36,527,1e-05,3e-05
192,2469.5,STABLE,Normal Physics,1.35,527,1e-05,3e-05
193,2518.1,STABLE,Normal Physics,1.36,527,1e-05,3e-05
194,2544.1,STABLE,Normal Physics,1.36,527,1e-05,3e-05
195,2515.9,STABLE,Normal Physics,1.36,527,1e-05,3e-05
196,2533.1,EARLY_FIRE,Pre-ignition,1.36,527,1e-05,0.0
197,2588.7,STABLE,Normal Physics,1.37,527,0.0,3e-05
198,2568.3,STABLE,Normal Physics,1.36,527,1e-05,3e-05
199,2514.8,STABLE,Normal Physics,1.36,527,1e-05,3e-05
200,2523.8,STABLE,Normal Physics,1.36,527,1e-05,3e-05
201,2610.9,STABLE,Normal Physics,1.37,527,1e-05,3e-05
202,2587.3,STABLE,Normal Physics,1.37,527,1e-05,3e-05
203,2611.9,STABLE,Normal Physics,1.37,527,1e-05,3e-05
204,2552.3,STABLE,Normal Physics,1.36,527,1e-05,3e-05
205,2581.4,STABLE,Normal Physics,1.37,527,1e-05,3e-05
206,2611.4,STABLE,Normal Physics,1.37,527,1e-05,3e-05
207,2604.9,STABLE,Normal Physics,1.37,527,1e-05,3e-05
208,2571.0,STABLE,Normal Physics,1.36,527,1e-05,3e-05
209,2643.4,STABLE,Normal Physics,1.37,527,1e-05,3e-05
210,2674.6,STABLE,Normal Physics,1.37,527,1e-05,2e-05
211,2652.6,STABLE,Normal Physics,1.37,527,1e-05,3e-05
212,2619.0,STABLE,Normal Physics,1.37,527,1e-05,3e-05
213,2627.8,STABLE,Normal Physics,1.37,527,1e-05,3e-05
214,2658.0,STABLE,Normal Physics,1.37,527,1e-05,3e-05
215,2625.0,STABLE,Normal Physics,1.37,527,1e-05,3e-05
216,2686.4,STABLE,Normal Physics,1.38,527,1e-05,2e-05
217,2626.4,STABLE,Normal Physics,1.37,527,1e-05,3e-05
218,2637.1,STABLE,Normal Physics,1.37,527,1e-05,3e-05
219,2702.6,STABLE,Normal Physics,1.38,527,1e-05,2e-05
220,2710.6,STABLE,Normal Physics,1.38,527,1e-05,2e-05
221,2693.9,STABLE,Normal Physics,1.38,527,1e-05,2e-05
222,2715.7,STABLE,Normal Physics,1.38,527,1e-05,2e-05
223,2705.0,MISFIRE,Fuel cut,1.38,527,1e-05,0.0
224,2754.2,STABLE,Normal Physics,1.38,527,0.0,2e-05
225,2691.6,STABLE,Normal Physics,1.38,527,1e-05,2e-05
226,2733.2,STABLE,Normal Physics,1.38,527,1e-05,2e-05
227,2732.4,STABLE,Normal Physics,1.38,527,1e-05,2e-05
228,2743.3,STABLE,Normal Physics,1.38,527,1e-05,2e-05
229,2714.9,STABLE,Normal Physics,1.38,527,1e-05,2e-05
230,2720.6,STABLE,Normal Physics,1.38,527,1e-05,2e-05
231,2791.5,STABLE,Normal Physics,1.38,527,1e-05,2e-05
232,2786.1,STABLE,Normal Physics,1.38,527,1e-05,2e-05
233,2789.5,STABLE,Normal Physics,1.38,527,1e-05,2e-05
234,2825.0,STABLE,Normal Physics,1.39,527,1e-05,2e-05
235,2841.5,STABLE,Normal Physics,1.39,527,1e-05,2e-05
236,2797.0,EARLY_FIRE,Pre-ignition,1.38,527,1e-05,0.0
237,2786.2,STABLE,Normal Physics,1.38,527,0.0,2e-05
238,2856.6,STABLE,Normal Physics,1.39,527,1e-05,2e-05
239,2830.4,STABLE,Normal Physics,1.39,527,1e-05,2e-05
240,2789.4,STABLE,Normal Physics,1.38,527,1e-05,2e-05
241,2861.0,STABLE,Normal Physics,1.39,527,1e-05,2e-05
242,2803.7,STABLE,Normal Physics,1.39,527,1e-05,2e-05
243,2854.5,STABLE,Normal Physics,1.39,527,1e-05,2e-05
244,2882.3,STABLE,Normal Physics,1.39,527,1e-05,2e-05
245,2841.2,STABLE,Normal Physics,1.39,527,1e-05,2e-05
246,2853.5,STABLE,Normal Physics,1.39,527,1e-05,2e-05
247,2877.2,STABLE,Normal Physics,1.39,527,1e-05,2e-05
248,2920.8,STABLE,Normal Physics,1.39,527,1e-05,2e-05
249,2869.8,STABLE,Normal Physics,1.39,527,1e-05,2e-05
250,2865.2,STABLE,Normal Physics,1.39,527,1e-05,2e-05
251,2904.4,STABLE,Normal Physics,1.39,527,1e-05,2e-05
252,2935.8,STABLE,Normal Physics,1.4,527,1e-05,2e-05
253,2908.7,STABLE,Normal Physics,1.39,527,1e-05,2e-05
254,2880.7,STABLE,Normal Physics,1.39,527,1e-05,2e-05
255,2957.9,STABLE,Normal Physics,1.4,527,1e-05,2e-05
256,2959.0,STABLE,Normal Physics,1.4,527,1e-05,2e-05
257,2917.2,MISFIRE,Fuel cut,1.39,527,1e-05,0.0
258,2986.2,STABLE,Normal Physics,1.4,527,0.0,2e-05
259,2956.8,EARLY_FIRE,Pre-ignition,1.4,527,1e-05,0.0
260,2921.9,STABLE,Normal Physics,1.39,527,0.0,2e-05
261,2972.2,MISFIRE,Fuel cut,1.4,527,1e-05,0.0
262,2932.2,STABLE,Normal Physics,1.4,527,0.0,2e-05
263,2969.4,STABLE,Normal Physics,1.4,527,1e-05,2e-05
264,3035.0,EARLY_FIRE,Pre-ignition,1.4,527,1e-05,0.0
265,2964.9,STABLE,Normal Physics,1.4,527,0.0,2e-05
266,3026.4,STABLE,Normal Physics,1.4,527,1e-05,2e-05
267,2981.3,STABLE,Normal Physics,1.4,527,1e-05,2e-05
268,3044.4,STABLE,Normal Physics,1.4,527,1e-05,2e-05
269,3060.1,STABLE,Normal Physics,1.4,527,1e-05,2e-05
270,3007.2,MISFIRE,Fuel cut,1.4,527,1e-05,0.0
271,3026.1,STABLE,Normal Physics,1.4,527,0.0,2e-05
272,3024.5,STABLE,Normal Physics,1.4,527,1e-05,2e-05
273,3083.6,STABLE,Normal Physics,1.41,527,1e-05,2e-05
274,3039.7,STABLE,Normal Physics,1.4,527,1e-05,2e-05
275,3080.2,STABLE,Normal Physics,1.4,527,1e-05,2e-05
276,3098.3,STABLE,Normal Physics,1.41,527,1e-05,2e-05
277,3104.2,STABLE,Normal Physics,1.41,527,1e-05,2e-05
278,3121.5,STABLE,Normal Physics,1.41,527,1e-05,2e-05
279,3122.4,EARLY_FIRE,Pre-ignition,1.41,527,1e-05,0.0
280,3113.1,STABLE,Normal Physics,1.41,527,0.0,2e-05
281,3099.4,STABLE,Normal Physics,1.41,527,1e-05,2e-05
282,3125.8,STABLE,Normal Physics,1.41,527,1e-05,2e-05
283,3145.4,STABLE,Normal Physics,1.41,527,1e-05,2e-05
284,3181.1,STABLE,Normal Physics,1.41,527,1e-05,2e-05
285,3158.5,STABLE,Normal Physics,1.41,527,1e-05,2e-05
286,3146.0,STABLE,Normal Physics,1.41,527,1e-05,2e-05
287,3140.4,STABLE,Normal Physics,1.41,527,1e-05,2e-05
288,3179.4,STABLE,Normal Physics,1.41,527,1e-05,2e-05
289,3140.4,STABLE,Normal Physics,1.41,527,1e-05,2e-05
290,3151.3,STABLE,Normal Physics,1.41,527,1e-05,2e-05
291,3183.5,STABLE,Normal Physics,1.41,527,1e-05,2e-05
292,3161.6,STABLE,Normal Physics,1.41,527,1e-05,2e-05
293,3226.3,STABLE,Normal Physics,1.41,527,1e-05,2e-05
294,3167.3,STABLE,Normal Physics,1.41,527,1e-05,2e-05
295,3234.7,STABLE,Normal Physics,1.41,527,1e-05,2e-05
296,3180.0,STABLE,Normal Physics,1.41,527,1e-05,2e-05
297,3221.0,STABLE,Normal Physics,1.41,527,1e-05,2e-05
298,3206.1,STABLE,Normal Physics,1.41,527,1e-05,2e-05
299,3236.1,STABLE,Normal Physics,1.41,527,1e-05,2e-05
300,3199.9,STABLE,Normal Physics,1.41,527,1e-05,2e-05
301,3263.0,STABLE,Normal Physics,1.42,527,1e-05,2e-05
302,3205.1,STABLE,Normal Physics,1.41,527,1e-05,2e-05
303,3275.7,STABLE,Normal Physics,1.42,527,1e-05,2e-05
304,3277.7,STABLE,Normal Physics,1.42,527,1e-05,2e-05
305,3232.3,STABLE,Normal Physics,1.41,527,1e-05,2e-05
306,3329.5,STABLE,Normal Physics,1.42,527,1e-05,2e-05
307,3301.2,STABLE,Normal Physics,1.42,527,1e-05,2e-05
308,3319.8,STABLE,Normal Physics,1.42,527,1e-05,2e-05
309,3294.5,STABLE,Normal Physics,1.42,527,1e-05,2e-05
310,3317.1,STABLE,Normal Physics,1.42,527,1e-05,2e-05
311,3312.1,STABLE,Normal Physics,1.42,527,1e-05,2e-05
312,3306.1,STABLE,Normal Physics,1.42,527,1e-05,2e-05
313,3344.6,STABLE,Normal Physics,1.42,527,1e-05,2e-05
314,3340.1,MISFIRE,Fuel cut,1.42,527,1e-05,0.0
315,3370.6,STABLE,Normal Physics,1.42,527,0.0,2e-05
316,3364.5,STABLE,Normal Physics,1.42,527,1e-05,2e-05
317,3343.1,STABLE,Normal Physics,1.42,527,1e-05,2e-05
318,3374.6,STABLE,Normal Physics,1.42,527,1e-05,2e-05
319,3319.3,STABLE,Normal Physics,1.42,527,1e-05,2e-05
320,3363.8,STABLE,Normal Physics,1.42,527,1e-05,2e-05
321,3361.6,STABLE,Normal Physics,1.42,527,1e-05,2e-05
322,3388.9,STABLE,Normal Physics,1.42,527,1e-05,2e-05
323,3354.3,STABLE,Normal Physics,1.42,527,1e-05,2e-05
324,3424.1,MISFIRE,Fuel cut,1.42,527,1e-05,0.0
325,3379.8,STABLE,Normal Physics,1.42,527,0.0,2e-05
326,3375.9,STABLE,Normal Physics,1.42,527,1e-05,2e-05
327,3424.3,STABLE,Normal Physics,1.42,527,1e-05,2e-05
328,3472.7,STABLE,Normal Physics,1.42,527,1e-05,2e-05
329,3388.6,STABLE,Normal Physics,1.42,527,1e-05,2e-05
330,3407.9,MISFIRE,Fuel cut,1.42,527,1e-05,0.0
331,3416.0,STABLE,Normal Physics,1.42,527,0.0,2e-05
332,3443.5,STABLE,Normal Physics,1.42,527,1e-05,2e-05
333,3424.4,STABLE,Normal Physics,1.42,527,1e-05,2e-05
334,3488.2,STABLE,Normal Physics,1.42,527,1e-05,2e-05
335,3434.3,STABLE,Normal Physics,1.42,527,1e-05,2e-05
336,3529.6,STABLE,Normal Physics,1.43,527,1e-05,2e-05
337,3487.3,STABLE,Normal Physics,1.42,527,1e-05,2e-05
338,3464.8,STABLE,Normal Physics,1.42,527,1e-05,2e-05
339,3524.9,STABLE,Normal Physics,1.43,527,1e-05,2e-05
340,3491.4,STABLE,Normal Physics,1.42,527,1e-05,2e-05
341,3525.3,STABLE,Normal Physics,1.43,527,1e-05,2e-05
342,3534.6,STABLE,Normal Physics,1.43,527,1e-05,2e-05
343,3516.5,STABLE,Normal Physics,1.43,527,1e-05,2e-05
344,3546.5,STABLE,Normal Physics,1.43,527,1e-05,2e-05
345,3582.7,STABLE,Normal Physics,1.43,527,0.0,2e-05
346,3564.3,STABLE,Normal Physics,1.43,527,0.0,2e-05
347,3520.2,STABLE,Normal Physics,1.43,527,0.0,2e-05
348,3601.4,STABLE,Normal Physics,1.43,527,1e-05,2e-05
349,3580.0,STABLE,Normal Physics,1.43,527,0.0,2e-05
350,3611.4,STABLE,Normal Physics,1.43,527,0.0,2e-05
351,3621.7,STABLE,Normal Physics,1.43,527,0.0,2e-05
352,3622.4,STABLE,Normal Physics,1.43,527,0.0,2e-05
353,3594.3,STABLE,Normal Physics,1.43,527,0.0,2e-05
354,3578.4,EARLY_FIRE,Pre-ignition,1.43,527,0.0,0.0
355,3578.0,STABLE,Normal Physics,1.43,527,0.0,2e-05
356,3613.7,STABLE,Normal Physics,1.43,527,0.0,2e-05
357,3635.3,STABLE,Normal Physics,1.43,527,0.0,2e-05
358,3625.3,STABLE,Normal Physics,1.43,527,0.0,2e-05
359,3603.5,STABLE,Normal Physics,1.43,527,0.0,2e-05
360,3681.0,STABLE,Normal Physics,1.43,527,0.0,2e-05
361,3611.2,STABLE,Normal Physics,1.43,527,0.0,2e-05
362,3701.7,STABLE,Normal Physics,1.43,527,0.0,2e-05
363,3661.9,STABLE,Normal Physics,1.43,527,0.0,2e-05
364,3650.0,STABLE,Normal Physics,1.43,527,0.0,2e-05
365,3696.9,STABLE,Normal Physics,1.43,527,0.0,2e-05
366,3668.0,STABLE,Normal Physics,1.43,527,0.0,2e-05
367,3737.2,STABLE,Normal Physics,1.43,527,0.0,2e-05
368,3748.4,STABLE,Normal Physics,1.43,527,0.0,2e-05
369,3738.9,EARLY_FIRE,Pre-ignition,1.43,527,0.0,0.0
370,3726.9,MISFIRE,Fuel cut,1.43,527,0.0,0.0
371,3690.9,STABLE,Normal Physics,1.43,527,0.0,2e-05
372,3737.2,STABLE,Normal Physics,1.43,527,0.0,2e-05
373,3751.6,STABLE,Normal Physics,1.43,527,0.0,2e-05
374,3771.3,STABLE,Normal Physics,1.43,527,0.0,2e-05
375,3724.6,STABLE,Normal Physics,1.43,527,0.0,2e-05
376,3781.0,STABLE,Normal Physics,1.43,527,0.0,2e-05
377,3765.5,MISFIRE,Fuel cut,1.43,527,0.0,0.0
378,3774.6,STABLE,Normal Physics,1.43,527,0.0,2e-05
379,3759.1,STABLE,Normal Physics,1.43,527,0.0,2e-05
380,3771.2,STABLE,Normal Physics,1.43,527,0.0,2e-05
381,3745.8,STABLE,Normal Physics,1.43,527,0.0,2e-05
382,3765.8,STABLE,Normal Physics,1.43,527,0.0,2e-05
383,3809.3,STABLE,Normal Physics,1.43,527,0.0,1e-05
384,3811.8,STABLE,Normal Physics,1.43,527,0.0,1e-05
385,3811.7,STABLE,Normal Physics,1.43,527,0.0,1e-05
386,3789.4,STABLE,Normal Physics,1.43,527,0.0,2e-05
387,3867.5,STABLE,Normal Physics,1.43,527,0.0,1e-05
388,3802.3,STABLE,Normal Physics,1.43,527,0.0,2e-05
389,3848.5,STABLE,Normal Physics,1.43,527,0.0,1e-05
390,3867.0,STABLE,Normal Physics,1.43,527,0.0,1e-05
391,3822.8,STABLE,Normal Physics,1.43,527,0.0,1e-05
392,3867.8,STABLE,Normal Physics,1.43,527,0.0,1e-05
393,3861.0,STABLE,Normal Physics,1.43,527,0.0,1e-05
394,3886.8,STABLE,Normal Physics,1.43,527,0.0,1e-05
395,3869.2,STABLE,Normal Physics,1.43,527,0.0,1e-05
396,3925.1,MISFIRE,Fuel cut,1.43,527,0.0,0.0
397,3921.2,STABLE,Normal Physics,1.43,527,0.0,1e-05
398,3935.9,STABLE,Normal Physics,1.43,527,0.0,1e-05
399,3905.3,STABLE,Normal Physics,1.43,527,0.0,1e-05
400,3904.7,STABLE,Normal Physics,1.43,527,0.0,1e-05
401,3888.4,STABLE,Normal Physics,1.43,527,0.0,1e-05
402,3903.3,STABLE,Normal Physics,1.43,527,0.0,1e-05
403,3949.8,STABLE,Normal Physics,1.43,527,0.0,1e-05
404,3944.8,STABLE,Normal Physics,1.43,527,0.0,1e-05
405,3994.3,STABLE,Normal Physics,1.43,527,0.0,1e-05
406,3982.8,MISFIRE,Fuel cut,1.43,527,0.0,0.0
407,3975.9,STABLE,Normal Physics,1.43,527,0.0,1e-05
408,3968.6,STABLE,Normal Physics,1.43,527,0.0,1e-05
409,3947.9,STABLE,Normal Physics,1.43,527,0.0,1e-05
410,3968.2,STABLE,Normal Physics,1.43,527,0.0,1e-05
411,3951.7,STABLE,Normal Physics,1.43,527,0.0,1e-05
412,4013.7,STABLE,Normal Physics,1.43,527,0.0,1e-05
413,4038.7,STABLE,Normal Physics,1.43,527,0.0,1e-05
414,3980.8,STABLE,Normal Physics,1.43,527,0.0,1e-05
415,4065.2,STABLE,Normal Physics,1.43,527,0.0,1e-05
416,4071.1,STABLE,Normal Physics,1.43,527,0.0,1e-05
417,4018.3,STABLE,Normal Physics,1.43,527,0.0,1e-05
418,4045.6,MISFIRE,Fuel cut,1.43,527,0.0,0.0
419,4078.7,STABLE,Normal Physics,1.43,527,0.0,1e-05
420,4097.9,STABLE,Normal Physics,1.43,527,0.0,1e-05
421,4017.8,STABLE,Normal Physics,1.43,527,0.0,1e-05
422,4069.8,STABLE,Normal Physics,1.43,527,0.0,1e-05
423,4034.0,STABLE,Normal Physics,1.43,527,0.0,1e-05
424,4037.5,STABLE,Normal Physics,1.43,527,0.0,1e-05
425,4043.0,STABLE,Normal Physics,1.43,527,0.0,1e-05
426,4094.0,STABLE,Normal Physics,1.43,527,0.0,1e-05
427,4062.9,STABLE,Normal Physics,1.43,527,0.0,1e-05
428,4090.8,STABLE,Normal Physics,1.43,527,0.0,1e-05
429,4161.7,STABLE,Normal Physics,1.43,527,0.0,1e-05
430,4091.3,STABLE,Normal Physics,1.43,527,0.0,1e-05
431,4153.3,MISFIRE,Fuel cut,1.43,527,0.0,0.0
432,4153.0,STABLE,Normal Physics,1.43,527,0.0,1e-05
433,4125.1,STABLE,Normal Physics,1.43,527,0.0,1e-05
434,4155.9,STABLE,Normal Physics,1.43,527,0.0,1e-05
435,4153.8,STABLE,Normal Physics,1.43,527,0.0,1e-05
436,4196.6,STABLE,Normal Physics,1.43,527,0.0,1e-05
437,4171.8,STABLE,Normal Physics,1.43,527,0.0,1e-05
438,4198.0,STABLE,Normal Physics,1.43,527,0.0,1e-05
439,4141.8,STABLE,Normal Physics,1.43,527,0.0,1e-05
440,4220.5,STABLE,Normal Physics,1.43,527,0.0,1e-05
441,4183.2,STABLE,Normal Physics,1.43,527,0.0,1e-05
442,4171.7,STABLE,Normal Physics,1.43,527,0.0,1e-05
443,4261.0,STABLE,Normal Physics,1.43,527,0.0,1e-05
444,4210.3,STABLE,Normal Physics,1.43,527,0.0,1e-05
445,4205.8,STABLE,Normal Physics,1.43,527,0.0,1e-05
446,4228.0,STABLE,Normal Physics,1.43,527,0.0,1e-05
447,4245.3,STABLE,Normal Physics,1.43,527,0.0,1e-05
448,4265.0,STABLE,Normal Physics,1.43,527,0.0,1e-05
449,4234.3,STABLE,Normal Physics,1.43,527,0.0,1e-05
450,4302.9,STABLE,Normal Physics,1.43,527,0.0,1e-05
451,4247.4,STABLE,Normal Physics,1.43,527,0.0,1e-05
452,4234.8,STABLE,Normal Physics,1.43,527,0.0,1e-05
453,4233.0,STABLE,Normal Physics,1.43,527,0.0,1e-05
454,4238.2,STABLE,Normal Physics,1.43,527,0.0,1e-05
455,4323.3,STABLE,Normal Physics,1.43,527,0.0,1e-05
456,4252.6,STABLE,Normal Physics,1.43,527,0.0,1e-05
457,4285.1,STABLE,Normal Physics,1.43,527,0.0,1e-05
458,4325.5,STABLE,Normal Physics,1.43,527,0.0,1e-05
459,4346.4,STABLE,Normal Physics,1.43,527,0.0,1e-05
460,4278.6,STABLE,Normal Physics,1.43,527,0.0,1e-05
461,4290.2,STABLE,Normal Physics,1.43,527,0.0,1e-05
462,4386.6,STABLE,Normal Physics,1.43,527,0.0,1e-05
463,4367.8,STABLE,Normal Physics,1.43,527,0.0,1e-05
464,4318.1,STABLE,Normal Physics,1.43,527,0.0,1e-05
465,4398.5,STABLE,Normal Physics,1.43,527,0.0,1e-05
466,4342.9,EARLY_FIRE,Pre-ignition,1.43,527,0.0,0.0
467,4341.5,STABLE,Normal Physics,1.43,527,0.0,1e-05
468,4394.0,STABLE,Normal Physics,1.43,527,0.0,1e-05
469,4339.7,STABLE,Normal Physics,1.43,527,0.0,1e-05
470,4370.0,STABLE,Normal Physics,1.43,527,0.0,1e-05
471,4381.2,STABLE,Normal Physics,1.43,527,0.0,1e-05
472,4431.9,STABLE,Normal Physics,1.43,527,0.0,1e-05
473,4399.3,STABLE,Normal Physics,1.43,527,0.0,1e-05
474,4458.5,STABLE,Normal Physics,1.43,527,0.0,1e-05
475,4456.7,STABLE,Normal Physics,1.43,527,0.0,1e-05
476,4457.3,STABLE,Normal Physics,1.43,527,0.0,1e-05
477,4436.8,STABLE,Normal Physics,1.43,527,0.0,1e-05
478,4460.1,EARLY_FIRE,Pre-ignition,1.43,527,0.0,0.0
479,4461.7,STABLE,Normal Physics,1.43,527,0.0,1e-05
480,4513.8,STABLE,Normal Physics,1.42,527,0.0,1e-05
481,4518.2,STABLE,Normal Physics,1.42,527,0.0,1e-05
482,4451.3,STABLE,Normal Physics,1.43,527,0.0,1e-05
483,4510.8,STABLE,Normal Physics,1.42,527,0.0,1e-05
484,4512.7,STABLE,Normal Physics,1.42,527,0.0,1e-05
485,4522.2,EARLY_FIRE,Pre-ignition,1.42,527,0.0,0.0
486,4475.7,STABLE,Normal Physics,1.43,527,0.0,1e-05
487,4490.7,STABLE,Normal Physics,1.43,527,0.0,1e-05
488,4510.5,STABLE,Normal Physics,1.42,527,0.0,1e-05
489,4554.8,STABLE,Normal Physics,1.42,527,0.0,1e-05
490,4546.8,STABLE,Normal Physics,1.42,527,0.0,1e-05
491,4586.4,STABLE,Normal Physics,1.42,527,0.0,1e-05
492,4542.7,STABLE,Normal Physics,1.42,527,0.0,1e-05
493,4561.7,STABLE,Normal Physics,1.42,527,0.0,1e-05
494,4573.6,STABLE,Normal Physics,1.42,527,0.0,1e-05
495,4563.5,STABLE,Normal Physics,1.42,527,0.0,1e-05
496,4614.7,STABLE,Normal Physics,1.42,527,0.0,1e-05
497,4599.3,STABLE,Normal Physics,1.42,527,0.0,1e-05
498,4601.4,STABLE,Normal Physics,1.42,527,0.0,1e-05
499,4579.6,STABLE,Normal Physics,1.42,527,0.0,1e-05
500,4571.6,STABLE,Normal Physics,1.42,527,0.0,1e-05
501,4611.4,EARLY_FIRE,Pre-ignition,1.42,527,0.0,0.0
502,4607.6,STABLE,Normal Physics,1.42,527,0.0,1e-05
503,4626.2,STABLE,Normal Physics,1.42,527,0.0,1e-05
504,4629.5,STABLE,Normal Physics,1.42,527,0.0,1e-05
505,4606.2,STABLE,Normal Physics,1.42,527,0.0,1e-05
506,4684.5,STABLE,Normal Physics,1.42,527,0.0,1e-05
507,4634.8,STABLE,Normal Physics,1.42,527,0.0,1e-05
508,4656.3,STABLE,Normal Physics,1.42,527,0.0,1e-05
509,4680.3,STABLE,Normal Physics,1.42,527,0.0,1e-05
510,4691.2,STABLE,Normal Physics,1.42,527,0.0,1e-05
511,4701.9,STABLE,Normal Physics,1.42,527,0.0,1e-05
512,4706.5,STABLE,Normal Physics,1.42,527,0.0,1e-05
513,4723.5,STABLE,Normal Physics,1.42,527,0.0,1e-05
514,4673.8,STABLE,Normal Physics,1.42,527,0.0,1e-05
515,4712.2,STABLE,Normal Physics,1.42,527,0.0,1e-05
516,4727.7,STABLE,Normal Physics,1.42,527,0.0,1e-05
517,4714.0,MISFIRE,Fuel cut,1.42,527,0.0,0.0
518,4754.1,STABLE,Normal Physics,1.41,527,0.0,1e-05
519,4758.0,EARLY_FIRE,Pre-ignition,1.41,527,0.0,0.0
520,4777.1,STABLE,Normal Physics,1.41,527,0.0,1e-05
521,4792.6,STABLE,Normal Physics,1.41,527,0.0,1e-05
522,4792.4,STABLE,Normal Physics,1.41,527,0.0,1e-05
523,4716.7,STABLE,Normal Physics,1.42,527,0.0,1e-05
524,4741.1,STABLE,Normal Physics,1.41,527,0.0,1e-05
525,4802.6,STABLE,Normal Physics,1.41,527,0.0,1e-05
526,4823.8,STABLE,Normal Physics,1.41,527,0.0,1e-05
527,4783.5,STABLE,Normal Physics,1.41,527,0.0,1e-05
528,4790.6,STABLE,Normal Physics,1.41,527,0.0,1e-05
529,4819.1,STABLE,Normal Physics,1.41,527,0.0,1e-05
530,4757.5,STABLE,Normal Physics,1.41,527,0.0,1e-05
531,4804.1,STABLE,Normal Physics,1.41,527,0.0,1e-05
532,4782.7,STABLE,Normal Physics,1.41,527,0.0,1e-05
533,4834.7,MISFIRE,Fuel cut,1.41,527,0.0,0.0
534,4880.0,STABLE,Normal Physics,1.41,527,0.0,1e-05
535,4804.4,STABLE,Normal Physics,1.41,527,0.0,1e-05
536,4859.3,STABLE,Normal Physics,1.41,527,0.0,1e-05
537,4840.1,STABLE,Normal Physics,1.41,527,0.0,1e-05
538,4900.7,STABLE,Normal Physics,1.41,527,0.0,1e-05
539,4883.6,STABLE,Normal Physics,1.41,527,0.0,1e-05
540,4838.6,STABLE,Normal Physics,1.41,527,0.0,1e-05
541,4881.8,STABLE,Normal Physics,1.41,527,0.0,1e-05
542,4853.0,STABLE,Normal Physics,1.41,527,0.0,1e-05
543,4931.8,STABLE,Normal Physics,1.4,527,0.0,1e-05
544,4941.7,STABLE,Normal Physics,1.4,527,0.0,1e-05
545,4859.2,STABLE,Normal Physics,1.41,527,0.0,1e-05
546,4942.9,STABLE,Normal Physics,1.4,527,0.0,1e-05
547,4900.9,STABLE,Normal Physics,1.41,527,0.0,1e-05
548,4906.8,STABLE,Normal Physics,1.41,527,0.0,1e-05
549,4900.4,STABLE,Normal Physics,1.41,527,0.0,1e-05
550,4981.9,STABLE,Normal Physics,1.4,527,0.0,1e-05
551,4938.5,EARLY_FIRE,Pre-ignition,1.4,527,0.0,0.0
552,4908.9,EARLY_FIRE,Pre-ignition,1.41,527,0.0,0.0
553,5010.0,STABLE,Normal Physics,1.4,527,0.0,1e-05
554,4981.9,STABLE,Normal Physics,1.4,527,0.0,1e-05
555,4979.5,STABLE,Normal Physics,1.4,527,0.0,1e-05
556,4981.8,EARLY_FIRE,Pre-ignition,1.4,527,0.0,0.0
557,4959.5,STABLE,Normal Physics,1.4,527,0.0,1e-05
558,4947.8,STABLE,Normal Physics,1.4,527,0.0,1e-05
559,5007.9,EARLY_FIRE,Pre-ignition,1.4,527,0.0,0.0
560,4973.5,STABLE,Normal Physics,1.4,527,0.0,1e-05
561,5042.0,STABLE,Normal Physics,1.4,527,0.0,1e-05
562,5052.2,STABLE,Normal Physics,1.4,527,0.0,1e-05
563,5034.1,STABLE,Normal Physics,1.4,527,0.0,1e-05
564,5034.6,STABLE,Normal Physics,1.4,527,0.0,1e-05
565,5068.3,STABLE,Normal Physics,1.39,527,0.0,1e-05
566,5092.9,STABLE,Normal Physics,1.39,527,0.0,1e-05
567,5049.1,STABLE,Normal Physics,1.4,527,0.0,1e-05
568,5066.8,STABLE,Normal Physics,1.4,527,0.0,1e-05
569,5082.9,STABLE,Normal Physics,1.39,527,0.0,1e-05
570,5055.0,MISFIRE,Fuel cut,1.4,527,0.0,0.0
571,5091.5,STABLE,Normal Physics,1.39,527,0.0,1e-05
572,5071.5,STABLE,Normal Physics,1.39,527,0.0,1e-05
573,5079.0,STABLE,Normal Physics,1.39,527,0.0,1e-05
574,5128.2,STABLE,Normal Physics,1.39,527,0.0,1e-05
575,5156.9,STABLE,Normal Physics,1.39,527,0.0,1e-05
576,5092.9,EARLY_FIRE,Pre-ignition,1.39,527,0.0,0.0
577,5103.9,STABLE,Normal Physics,1.39,527,0.0,1e-05
578,5108.3,STABLE,Normal Physics,1.39,527,0.0,1e-05
579,5114.4,EARLY_FIRE,Pre-ignition,1.39,527,0.0,0.0
580,5122.1,STABLE,Normal Physics,1.39,527,0.0,1e-05
581,5184.6,STABLE,Normal Physics,1.39,527,0.0,1e-05
582,5157.1,STABLE,Normal Physics,1.39,527,0.0,1e-05
583,5178.5,STABLE,Normal Physics,1.39,527,0.0,1e-05
584,5122.0,STABLE,Normal Physics,1.39,527,0.0,1e-05
585,5150.9,STABLE,Normal Physics,1.39,527,0.0,1e-05
586,5210.3,STABLE,Normal Physics,1.38,527,0.0,1e-05
587,5208.9,STABLE,Normal Physics,1.38,527,0.0,1e-05
588,5203.0,STABLE,Normal Physics,1.38,527,0.0,1e-05
589,5179.8,STABLE,Normal Physics,1.39,527,0.0,1e-05
590,5228.5,STABLE,Normal Physics,1.38,527,0.0,1e-05
591,5176.8,STABLE,Normal Physics,1.39,527,0.0,1e-05
592,5175.6,STABLE,Normal Physics,1.39,527,0.0,1e-05
593,5232.6,STABLE,Normal Physics,1.38,527,0.0,1e-05
594,5278.9,STABLE,Normal Physics,1.38,527,0.0,1e-05
595,5276.9,STABLE,Normal Physics,1.38,527,0.0,1e-05
596,5211.2,STABLE,Normal Physics,1.38,527,0.0,1e-05
597,5245.8,STABLE,Normal Physics,1.38,527,0.0,1e-05
598,5274.1,STABLE,Normal Physics,1.38,527,0.0,1e-05
599,5231.5,EARLY_FIRE,Pre-ignition,1.38,527,0.0,0.0
600,5282.9,STABLE,Normal Physics,1.38,527,0.0,1e-05
601,5335.6,STABLE,Normal Physics,1.37,527,0.0,1e-05
602,5331.0,STABLE,Normal Physics,1.37,527,0.0,1e-05
603,5283.9,STABLE,Normal Physics,1.38,527,0.0,1e-05
604,5300.0,STABLE,Normal Physics,1.38,527,0.0,1e-05
605,5354.0,STABLE,Normal Physics,1.37,527,0.0,1e-05
606,5304.9,STABLE,Normal Physics,1.38,527,0.0,1e-05
607,5306.7,STABLE,Normal Physics,1.38,527,0.0,1e-05
608,5304.1,STABLE,Normal Physics,1.38,527,0.0,1e-05
609,5347.3,STABLE,Normal Physics,1.37,527,0.0,1e-05
610,5397.0,EARLY_FIRE,Pre-ignition,1.37,527,0.0,0.0
611,5389.3,STABLE,Normal Physics,1.37,527,0.0,1e-05
612,5378.2,STABLE,Normal Physics,1.37,527,0.0,1e-05
613,5322.4,STABLE,Normal Physics,1.37,527,0.0,1e-05
614,5329.8,STABLE,Normal Physics,1.37,527,0.0,1e-05
615,5350.9,STABLE,Normal Physics,1.37,527,0.0,1e-05
616,5393.7,STABLE,Normal Physics,1.37,527,0.0,1e-05
617,5357.4,EARLY_FIRE,Pre-ignition,1.37,527,0.0,0.0
618,5367.1,STABLE,Normal Physics,1.37,527,0.0,1e-05
619,5443.4,STABLE,Normal Physics,1.36,527,0.0,1e-05
620,5404.1,STABLE,Normal Physics,1.37,527,0.0,1e-05
621,5439.3,STABLE,Normal Physics,1.36,527,0.0,1e-05
622,5435.5,STABLE,Normal Physics,1.36,527,0.0,1e-05
623,5459.2,STABLE,Normal Physics,1.36,527,0.0,1e-05
624,5485.3,STABLE,Normal Physics,1.36,527,0.0,1e-05
625,5405.8,STABLE,Normal Physics,1.37,527,0.0,1e-05
626,5458.1,STABLE,Normal Physics,1.36,527,0.0,1e-05
627,5497.3,STABLE,Normal Physics,1.36,527,0.0,1e-05
628,5442.7,STABLE,Normal Physics,1.36,527,0.0,1e-05
629,5460.1,EARLY_FIRE,Pre-ignition,1.36,527,0.0,0.0
630,5441.0,STABLE,Normal Physics,1.36,527,0.0,1e-05
631,5529.0,EARLY_FIRE,Pre-ignition,1.35,527,0.0,0.0
632,5496.0,STABLE,Normal Physics,1.36,527,0.0,1e-05
633,5506.7,STABLE,Normal Physics,1.36,527,0.0,1e-05
634,5475.4,STABLE,Normal Physics,1.36,527,0.0,1e-05
635,5478.2,STABLE,Normal Physics,1.36,527,0.0,1e-05
636,5489.9,STABLE,Normal Physics,1.36,527,0.0,1e-05
637,5517.6,STABLE,Normal Physics,1.36,527,0.0,1e-05
638,5560.0,STABLE,Normal Physics,1.35,527,0.0,1e-05
639,5531.8,STABLE,Normal Physics,1.35,527,0.0,1e-05
640,5579.6,STABLE,Normal Physics,1.35,527,0.0,1e-05
641,5572.0,STABLE,Normal Physics,1.35,527,0.0,1e-05
642,5571.1,STABLE,Normal Physics,1.35,527,0.0,1e-05
643,5552.1,STABLE,Normal Physics,1.35,527,0.0,1e-05
644,5615.2,STABLE,Normal Physics,1.35,527,0.0,1e-05
645,5573.5,STABLE,Normal Physics,1.35,527,0.0,1e-05
646,5598.2,STABLE,Normal Physics,1.35,527,0.0,1e-05
647,5649.3,STABLE,Normal Physics,1.34,527,0.0,1e-05
648,5607.3,STABLE,Normal Physics,1.35,527,0.0,1e-05
649,5607.6,STABLE,Normal Physics,1.35,527,0.0,1e-05
650,5572.0,MISFIRE,Fuel cut,1.35,527,0.0,0.0
651,5652.2,STABLE,Normal Physics,1.34,527,0.0,1e-05
652,5622.8,MISFIRE,Fuel cut,1.34,527,0.0,0.0
653,5634.5,STABLE,Normal Physics,1.34,527,0.0,1e-05
654,5624.0,STABLE,Normal Physics,1.34,527,0.0,1e-05
655,5683.1,STABLE,Normal Physics,1.34,527,0.0,1e-05
656,5699.1,STABLE,Normal Physics,1.34,527,0.0,1e-05
657,5632.6,STABLE,Normal Physics,1.34,527,0.0,1e-05
658,5718.5,STABLE,Normal Physics,1.33,527,0.0,1e-05
659,5675.8,STABLE,Normal Physics,1.34,527,0.0,1e-05
660,5674.3,STABLE,Normal Physics,1.34,527,0.0,1e-05
661,5729.3,STABLE,Normal Physics,1.33,527,0.0,1e-05
662,5748.1,STABLE,Normal Physics,1.33,527,0.0,1e-05
663,5748.3,STABLE,Normal Physics,1.33,527,0.0,1e-05
664,5686.8,STABLE,Normal Physics,1.34,527,0.0,1e-05
665,5739.0,STABLE,Normal Physics,1.33,527,0.0,1e-05
666,5712.1,STABLE,Normal Physics,1.33,527,0.0,1e-05
667,5751.6,STABLE,Normal Physics,1.33,527,0.0,1e-05
668,5700.2,STABLE,Normal Physics,1.34,527,0.0,1e-05
669,5760.9,STABLE,Normal Physics,1.33,527,0.0,1e-05
670,5783.6,STABLE,Normal Physics,1.33,527,0.0,1e-05
671,5723.0,STABLE,Normal Physics,1.33,527,0.0,1e-05
672,5736.3,STABLE,Normal Physics,1.33,527,0.0,1e-05
673,5759.0,STABLE,Normal Physics,1.33,527,0.0,1e-05
674,5805.9,STABLE,Normal Physics,1.32,527,0.0,1e-05
675,5825.2,STABLE,Normal Physics,1.32,527,0.0,1e-05
676,5761.5,STABLE,Normal Physics,1.33,527,0.0,1e-05
677,5790.8,STABLE,Normal Physics,1.33,527,0.0,1e-05
678,5821.1,STABLE,Normal Physics,1.32,527,0.0,1e-05
679,5846.8,STABLE,Normal Physics,1.32,527,0.0,1e-05
680,5848.5,STABLE,Normal Physics,1.32,527,0.0,1e-05
681,5819.8,STABLE,Normal Physics,1.32,527,0.0,1e-05
682,5792.0,STABLE,Normal Physics,1.33,527,0.0,1e-05
683,5850.2,STABLE,Normal Physics,1.32,527,0.0,1e-05
684,5844.1,STABLE,Normal Physics,1.32,527,0.0,1e-05
685,5828.8,STABLE,Normal Physics,1.32,527,0.0,1e-05
686,5839.1,STABLE,Normal Physics,1.32,527,0.0,1e-05
687,5829.3,STABLE,Normal Physics,1.32,527,0.0,1e-05
688,5879.2,STABLE,Normal Physics,1.31,527,0.0,1e-05
689,5847.5,STABLE,Normal Physics,1.32,527,0.0,1e-05
690,5917.0,STABLE,Normal Physics,1.31,527,0.0,1e-05
691,5876.4,EARLY_FIRE,Pre-ignition,1.31,527,0.0,0.0
692,5880.9,STABLE,Normal Physics,1.31,527,0.0,1e-05
693,5910.3,STABLE,Normal Physics,1.31,527,0.0,1e-05
694,5936.8,EARLY_FIRE,Pre-ignition,1.31,527,0.0,0.0
695,5883.7,STABLE,Normal Physics,1.31,527,0.0,1e-05
696,5910.5,STABLE,Normal Physics,1.31,527,0.0,1e-05
697,5944.0,STABLE,Normal Physics,1.31,527,0.0,1e-05
698,5963.2,STABLE,Normal Physics,1.3,527,0.0,1e-05
699,5941.4,STABLE,Normal Physics,1.31,527,0.0,1e-05
700,5924.2,STABLE,Normal Physics,1.31,527,0.0,1e-05
701,6015.8,STABLE,Normal Physics,1.3,527,0.0,1e-05
702,6015.6,STABLE,Normal Physics,1.3,527,0.0,1e-05
703,5983.7,STABLE,Normal Physics,1.3,527,0.0,1e-05
704,5966.7,STABLE,Normal Physics,1.3,527,0.0,1e-05
705,5963.5,STABLE,Normal Physics,1.3,527,0.0,1e-05
706,6005.8,STABLE,Normal Physics,1.3,527,0.0,1e-05
707,6032.9,STABLE,Normal Physics,1.29,527,0.0,1e-05
708,6038.9,STABLE,Normal Physics,1.29,527,0.0,1e-05
709,5973.0,STABLE,Normal Physics,1.3,527,0.0,1e-05
710,6025.1,STABLE,Normal Physics,1.3,527,0.0,1e-05
711,5986.7,STABLE,Normal Physics,1.3,527,0.0,1e-05
712,6034.6,STABLE,Normal Physics,1.29,527,0.0,1e-05
713,6050.9,STABLE,Normal Physics,1.29,527,0.0,1e-05
714,6093.8,EARLY_FIRE,Pre-ignition,1.29,527,0.0,0.0
715,6016.4,STABLE,Normal Physics,1.3,527,0.0,1e-05
716,6092.7,EARLY_FIRE,Pre-ignition,1.29,527,0.0,0.0
717,6069.7,STABLE,Normal Physics,1.29,527,0.0,1e-05
718,6034.7,STABLE,Normal Physics,1.29,527,0.0,1e-05
719,6110.8,STABLE,Normal Physics,1.28,527,0.0,1e-05
720,6090.8,EARLY_FIRE,Pre-ignition,1.29,527,0.0,0.0
721,6133.8,STABLE,Normal Physics,1.28,527,0.0,1e-05
722,6068.5,STABLE,Normal Physics,1.29,527,0.0,1e-05
723,6105.1,STABLE,Normal Physics,1.28,527,0.0,1e-05
724,6130.6,STABLE,Normal Physics,1.28,527,0.0,1e-05
725,6164.0,MISFIRE,Fuel cut,1.28,527,0.0,0.0
726,6090.0,STABLE,Normal Physics,1.29,527,0.0,1e-05
727,6155.4,STABLE,Normal Physics,1.28,527,0.0,1e-05
728,6109.9,STABLE,Normal Physics,1.28,527,0.0,1e-05
729,6198.7,STABLE,Normal Physics,1.27,527,0.0,1e-05
730,6164.3,STABLE,Normal Physics,1.28,527,0.0,1e-05
731,6194.0,MISFIRE,Fuel cut,1.27,527,0.0,0.0
732,6191.3,STABLE,Normal Physics,1.27,527,0.0,1e-05
733,6228.7,EARLY_FIRE,Pre-ignition,1.27,527,0.0,0.0
734,6169.0,STABLE,Normal Physics,1.27,527,0.0,1e-05
735,6182.2,STABLE,Normal Physics,1.27,527,0.0,1e-05
736,6241.1,STABLE,Normal Physics,1.26,527,0.0,1e-05
737,6225.1,STABLE,Normal Physics,1.27,527,0.0,1e-05
738,6241.1,STABLE,Normal Physics,1.26,527,0.0,1e-05
739,6224.8,STABLE,Normal Physics,1.27,527,0.0,1e-05
740,6189.6,STABLE,Normal Physics,1.27,527,0.0,1e-05
741,6211.1,STABLE,Normal Physics,1.27,527,0.0,1e-05
742,6230.2,STABLE,Normal Physics,1.27,527,0.0,1e-05
743,6274.5,STABLE,Normal Physics,1.26,527,0.0,1e-05
744,6226.0,STABLE,Normal Physics,1.27,527,0.0,1e-05
745,6291.9,STABLE,Normal Physics,1.26,527,0.0,1e-05
746,6252.4,STABLE,Normal Physics,1.26,527,0.0,1e-05
747,6327.4,STABLE,Normal Physics,1.25,527,0.0,1e-05
748,6280.1,STABLE,Normal Physics,1.26,527,0.0,1e-05
749,6315.3,STABLE,Normal Physics,1.25,527,0.0,1e-05
750,6284.0,STABLE,Normal Physics,1.26,527,0.0,1e-05
751,6262.3,STABLE,Normal Physics,1.26,527,0.0,1e-05
752,6272.9,STABLE,Normal Physics,1.26,527,0.0,1e-05
753,6290.8,STABLE,Normal Physics,1.26,527,0.0,1e-05
754,6357.9,STABLE,Normal Physics,1.25,527,0.0,1e-05
755,6370.5,STABLE,Normal Physics,1.24,527,0.0,1e-05
756,6312.1,STABLE,Normal Physics,1.25,527,0.0,1e-05
757,6381.9,STABLE,Normal Physics,1.24,527,0.0,1e-05
758,6379.2,STABLE,Normal Physics,1.24,527,0.0,1e-05
759,6392.4,STABLE,Normal Physics,1.24,527,0.0,1e-05
760,6385.2,STABLE,Normal Physics,1.24,527,0.0,1e-05
761,6371.8,STABLE,Normal Physics,1.24,527,0.0,1e-05
762,6356.7,STABLE,Normal Physics,1.25,527,0.0,1e-05
763,6353.0,STABLE,Normal Physics,1.25,527,0.0,1e-05
764,6435.6,STABLE,Normal Physics,1.23,527,0.0,1e-05
765,6360.1,STABLE,Normal Physics,1.25,527,0.0,1e-05
766,6379.3,MISFIRE,Fuel cut,1.24,527,0.0,0.0
767,6379.0,STABLE,Normal Physics,1.24,527,0.0,1e-05
768,6384.4,STABLE,Normal Physics,1.24,527,0.0,1e-05
769,6458.0,STABLE,Normal Physics,1.23,527,0.0,1e-05
770,6432.7,STABLE,Normal Physics,1.23,527,0.0,1e-05
771,6476.0,STABLE,Normal Physics,1.23,527,0.0,1e-05
772,6419.1,STABLE,Normal Physics,1.24,527,0.0,1e-05
773,6491.2,STABLE,Normal Physics,1.22,527,0.0,1e-05
774,6495.5,STABLE,Normal Physics,1.22,527,0.0,1e-05
775,6461.6,STABLE,Normal Physics,1.23,527,0.0,1e-05
776,6491.4,STABLE,Normal Physics,1.22,527,0.0,1e-05
777,6489.6,STABLE,Normal Physics,1.22,527,0.0,1e-05
778,6447.1,STABLE,Normal Physics,1.23,527,0.0,1e-05
779,6514.2,MISFIRE,Fuel cut,1.22,527,0.0,0.0
780,6487.6,EARLY_FIRE,Pre-ignition,1.22,527,0.0,0.0
781,6504.3,STABLE,Normal Physics,1.22,527,0.0,1e-05
782,6490.3,STABLE,Normal Physics,1.22,527,0.0,1e-05
783,6564.7,STABLE,Normal Physics,1.21,527,0.0,1e-05
784,6541.1,STABLE,Normal Physics,1.22,527,0.0,1e-05
785,6570.8,STABLE,Normal Physics,1.21,527,0.0,1e-05
786,6589.8,STABLE,Normal Physics,1.21,527,0.0,1e-05
787,6525.6,STABLE,Normal Physics,1.22,527,0.0,1e-05
788,6565.2,EARLY_FIRE,Pre-ignition,1.21,527,0.0,0.0
789,6589.1,STABLE,Normal Physics,1.21,527,0.0,1e-05
790,6542.1,STABLE,Normal Physics,1.22,527,0.0,1e-05
791,6553.3,STABLE,Normal Physics,1.21,527,0.0,1e-05
792,6593.4,STABLE,Normal Physics,1.21,527,0.0,1e-05
793,6568.2,STABLE,Normal Physics,1.21,527,0.0,1e-05
794,6615.7,STABLE,Normal Physics,1.2,527,0.0,1e-05
795,6652.3,STABLE,Normal Physics,1.2,527,0.0,1e-05
796,6598.6,STABLE,Normal Physics,1.21,527,0.0,1e-05
797,6578.5,EARLY_FIRE,Pre-ignition,1.21,527,0.0,0.0
798,6592.4,STABLE,Normal Physics,1.21,527,0.0,1e-05
799,6591.1,STABLE,Normal Physics,1.21,527,0.0,1e-05
800,6685.8,STABLE,Normal Physics,1.19,527,0.0,1e-05
801,6628.9,STABLE,Normal Physics,1.2,527,0.0,1e-05
802,6641.7,STABLE,Normal Physics,1.2,527,0.0,1e-05
803,6672.3,STABLE,Normal Physics,1.19,527,0.0,1e-05
804,6702.0,EARLY_FIRE,Pre-ignition,1.19,527,0.0,0.0
805,6646.8,STABLE,Normal Physics,1.2,527,0.0,1e-05
806,6638.6,STABLE,Normal Physics,1.2,527,0.0,1e-05
807,6693.8,STABLE,Normal Physics,1.19,527,0.0,1e-05
808,6647.8,STABLE,Normal Physics,1.2,527,0.0,1e-05
809,6717.8,STABLE,Normal Physics,1.18,527,0.0,1e-05
810,6720.2,STABLE,Normal Physics,1.18,527,0.0,1e-05
811,6729.8,STABLE,Normal Physics,1.18,527,0.0,1e-05
812,6759.1,STABLE,Normal Physics,1.18,527,0.0,1e-05
813,6738.1,STABLE,Normal Physics,1.18,527,0.0,1e-05
814,6698.2,STABLE,Normal Physics,1.19,527,0.0,1e-05
815,6732.6,STABLE,Normal Physics,1.18,527,0.0,1e-05
816,6706.0,STABLE,Normal Physics,1.19,527,0.0,1e-05
817,6741.7,STABLE,Normal Physics,1.18,527,0.0,1e-05
818,6803.7,STABLE,Normal Physics,1.17,527,0.0,1e-05
819,6745.0,MISFIRE,Fuel cut,1.18,527,0.0,0.0
820,6777.9,MISFIRE,Fuel cut,1.17,527,0.0,0.0
821,6810.2,STABLE,Normal Physics,1.17,527,0.0,1e-05
822,6798.1,STABLE,Normal Physics,1.17,527,0.0,1e-05
823,6758.1,STABLE,Normal Physics,1.18,527,0.0,1e-05
824,6823.1,STABLE,Normal Physics,1.16,527,0.0,1e-05
825,6801.2,STABLE,Normal Physics,1.17,527,0.0,1e-05
826,6861.7,STABLE,Normal Physics,1.16,527,0.0,1e-05
827,6850.3,EARLY_FIRE,Pre-ignition,1.16,527,0.0,0.0
828,6796.2,STABLE,Normal Physics,1.17,527,0.0,1e-05
829,6836.5,STABLE,Normal Physics,1.16,527,0.0,1e-05
830,6840.1,STABLE,Normal Physics,1.16,527,0.0,1e-05
831,6886.8,EARLY_FIRE,Pre-ignition,1.15,527,0.0,0.0
832,6860.4,STABLE,Normal Physics,1.16,527,0.0,1e-05
833,6892.4,STABLE,Normal Physics,1.15,527,0.0,1e-05
834,6857.2,STABLE,Normal Physics,1.16,527,0.0,1e-05
835,6911.2,STABLE,Normal Physics,1.15,527,0.0,1e-05
836,6843.2,STABLE,Normal Physics,1.16,527,0.0,1e-05
837,6892.9,STABLE,Normal Physics,1.15,527,0.0,1e-05
838,6878.4,STABLE,Normal Physics,1.15,527,0.0,1e-05
839,6860.4,STABLE,Normal Physics,1.16,527,0.0,1e-05
840,6936.6,STABLE,Normal Physics,1.14,527,0.0,1e-05
841,6921.2,STABLE,Normal Physics,1.15,527,0.0,1e-05
842,6957.2,STABLE,Normal Physics,1.14,527,0.0,1e-05
843,6891.1,STABLE,Normal Physics,1.15,527,0.0,1e-05
844,6897.5,STABLE,Normal Physics,1.15,527,0.0,1e-05
845,6920.4,STABLE,Normal Physics,1.15,527,0.0,1e-05
846,6980.1,STABLE,Normal Physics,1.13,527,0.0,1e-05
847,6927.1,EARLY_FIRE,Pre-ignition,1.14,527,0.0,0.0
848,6988.5,STABLE,Normal Physics,1.13,527,0.0,1e-05
849,6935.5,STABLE,Normal Physics,1.14,527,0.0,1e-05
850,6988.8,STABLE,Normal Physics,1.13,527,0.0,1e-05
851,6979.4,STABLE,Normal Physics,1.13,527,0.0,1e-05
852,6978.0,MISFIRE,Fuel cut,1.13,527,0.0,0.0
853,7037.8,EARLY_FIRE,Pre-ignition,1.12,527,0.0,0.0
854,7030.0,STABLE,Normal Physics,1.12,527,0.0,1e-05
855,7048.5,STABLE,Normal Physics,1.12,527,0.0,1e-05
856,7024.1,STABLE,Normal Physics,1.13,527,0.0,1e-05
857,7067.8,STABLE,Normal Physics,1.12,527,0.0,1e-05
858,7062.0,STABLE,Normal Physics,1.12,527,0.0,1e-05
859,7087.5,STABLE,Normal Physics,1.11,527,0.0,1e-05
860,7029.2,STABLE,Normal Physics,1.12,527,0.0,1e-05
861,7078.5,STABLE,Normal Physics,1.11,527,0.0,1e-05
862,7034.5,STABLE,Normal Physics,1.12,527,0.0,1e-05
863,7029.1,STABLE,Normal Physics,1.12,527,0.0,1e-05
864,7115.5,STABLE,Normal Physics,1.11,527,0.0,1e-05
865,7074.9,STABLE,Normal Physics,1.11,527,0.0,1e-05
866,7068.9,STABLE,Normal Physics,1.12,527,0.0,1e-05
867,7068.5,STABLE,Normal Physics,1.12,527,0.0,1e-05
868,7149.4,STABLE,Normal Physics,1.1,527,0.0,1e-05
869,7108.8,STABLE,Normal Physics,1.11,527,0.0,1e-05
870,7126.4,STABLE,Normal Physics,1.1,527,0.0,1e-05
871,7099.9,STABLE,Normal Physics,1.11,527,0.0,1e-05
872,7138.1,STABLE,Normal Physics,1.1,527,0.0,1e-05
873,7128.8,STABLE,Normal Physics,1.1,527,0.0,1e-05
874,7176.2,STABLE,Normal Physics,1.1,527,0.0,1e-05
875,7176.2,STABLE,Normal Physics,1.1,527,0.0,1e-05
876,7139.3,STABLE,Normal Physics,1.1,527,0.0,1e-05
877,7176.1,STABLE,Normal Physics,1.1,527,0.0,1e-05
878,7172.6,STABLE,Normal Physics,1.1,527,0.0,1e-05
879,7220.4,STABLE,Normal Physics,1.1,527,0.0,1e-05
880,7190.4,STABLE,Normal Physics,1.1,527,0.0,1e-05
881,7147.5,STABLE,Normal Physics,1.1,527,0.0,1e-05
882,7179.0,STABLE,Normal Physics,1.1,527,0.0,1e-05
883,7169.4,STABLE,Normal Physics,1.1,527,0.0,1e-05
884,7190.8,STABLE,Normal Physics,1.1,527,0.0,1e-05
885,7267.7,STABLE,Normal Physics,1.1,527,0.0,0.0
886,7189.0,STABLE,Normal Physics,1.1,527,0.0,1e-05
887,7183.8,STABLE,Normal Physics,1.1,527,0.0,1e-05
888,7213.6,STABLE,Normal Physics,1.1,527,0.0,1e-05
889,7245.9,STABLE,Normal Physics,1.1,527,0.0,0.0
890,7203.0,STABLE,Normal Physics,1.1,527,0.0,1e-05
891,7216.1,STABLE,Normal Physics,1.1,527,0.0,1e-05
892,7303.1,STABLE,Normal Physics,1.1,527,0.0,0.0
893,7316.7,STABLE,Normal Physics,1.1,527,0.0,0.0
894,7295.6,STABLE,Normal Physics,1.1,527,0.0,0.0
895,7285.4,STABLE,Normal Physics,1.1,527,0.0,0.0
896,7284.4,STABLE,Normal Physics,1.1,527,0.0,0.0
897,7286.0,STABLE,Normal Physics,1.1,527,0.0,0.0
898,7315.4,STABLE,Normal Physics,1.1,527,0.0,0.0
899,7345.0,STABLE,Normal Physics,1.1,527,0.0,0.0
900,7312.0,STABLE,Normal Physics,1.1,527,0.0,0.0
901,7279.1,STABLE,Normal Physics,1.1,527,0.0,0.0
902,7378.0,STABLE,Normal Physics,1.1,527,0.0,0.0
903,7356.8,STABLE,Normal Physics,1.1,527,0.0,0.0
904,7326.2,STABLE,Normal Physics,1.1,527,0.0,0.0
905,7374.5,STABLE,Normal Physics,1.1,527,0.0,0.0
906,7382.3,STABLE,Normal Physics,1.1,527,0.0,0.0
907,7362.6,STABLE,Normal Physics,1.1,527,0.0,0.0
908,7369.0,STABLE,Normal Physics,1.1,527,0.0,0.0
909,7428.4,STABLE,Normal Physics,1.1,527,0.0,0.0
910,7404.4,STABLE,Normal Physics,1.1,527,0.0,0.0
911,7420.8,STABLE,Normal Physics,1.1,527,0.0,0.0
912,7437.7,STABLE,Normal Physics,1.1,527,0.0,0.0
913,7440.8,STABLE,Normal Physics,1.1,527,0.0,0.0
914,7431.8,STABLE,Normal Physics,1.1,527,0.0,0.0
915,7409.0,STABLE,Normal Physics,1.1,527,0.0,0.0
916,7378.9,STABLE,Normal Physics,1.1,527,0.0,0.0
917,7436.3,EARLY_FIRE,Pre-ignition,1.1,527,0.0,0.0
918,7408.7,STABLE,Normal Physics,1.1,527,0.0,0.0
919,7425.3,STABLE,Normal Physics,1.1,527,0.0,0.0
920,7442.2,STABLE,Normal Physics,1.1,527,0.0,0.0
921,7460.7,STABLE,Normal Physics,1.1,527,0.0,0.0
922,7473.8,STABLE,Normal Physics,1.1,527,0.0,0.0
923,7472.8,STABLE,Normal Physics,1.1,527,0.0,0.0
924,7500.1,STABLE,Normal Physics,1.1,527,0.0,0.0
925,7453.9,STABLE,Normal Physics,1.1,527,0.0,0.0
926,7489.1,STABLE,Normal Physics,1.1,527,0.0,0.0
927,7499.5,STABLE,Normal Physics,1.1,527,0.0,0.0
928,7538.3,STABLE,Normal Physics,1.1,527,0.0,0.0
929,7551.5,STABLE,Normal Physics,1.1,527,0.0,0.0
930,7487.1,STABLE,Normal Physics,1.1,527,0.0,0.0
931,7509.7,STABLE,Normal Physics,1.1,527,0.0,0.0
932,7548.9,STABLE,Normal Physics,1.1,527,0.0,0.0
933,7515.0,STABLE,Normal Physics,1.1,527,0.0,0.0
934,7587.9,STABLE,Normal Physics,1.1,527,0.0,0.0
935,7587.4,STABLE,Normal Physics,1.1,527,0.0,0.0
936,7590.9,STABLE,Normal Physics,1.1,527,0.0,0.0
937,7555.6,STABLE,Normal Physics,1.1,527,0.0,0.0
938,7611.4,STABLE,Normal Physics,1.1,527,0.0,0.0
939,7537.4,STABLE,Normal Physics,1.1,527,0.0,0.0
940,7579.2,STABLE,Normal Physics,1.1,527,0.0,0.0
941,7591.9,STABLE,Normal Physics,1.1,527,0.0,0.0
942,7654.4,STABLE,Normal Physics,1.1,527,0.0,0.0
943,7650.0,STABLE,Normal Physics,1.1,527,0.0,0.0
944,7596.2,STABLE,Normal Physics,1.1,527,0.0,0.0
945,7597.6,STABLE,Normal Physics,1.1,527,0.0,0.0
946,7620.5,STABLE,Normal Physics,1.1,527,0.0,0.0
947,7688.4,STABLE,Normal Physics,1.1,527,0.0,0.0
948,7662.4,STABLE,Normal Physics,1.1,527,0.0,0.0
949,7626.1,STABLE,Normal Physics,1.1,527,0.0,0.0
950,7621.3,STABLE,Normal Physics,1.1,527,0.0,0.0
951,7647.5,STABLE,Normal Physics,1.1,527,0.0,0.0
952,7695.4,STABLE,Normal Physics,1.1,527,0.0,0.0
953,7728.5,STABLE,Normal Physics,1.1,527,0.0,0.0
954,7708.1,STABLE,Normal Physics,1.1,527,0.0,0.0
955,7670.1,STABLE,Normal Physics,1.1,527,0.0,0.0
956,7679.5,STABLE,Normal Physics,1.1,527,0.0,0.0
957,7754.7,EARLY_FIRE,Pre-ignition,1.1,527,0.0,0.0
958,7673.1,STABLE,Normal Physics,1.1,527,0.0,0.0
959,7746.8,STABLE,Normal Physics,1.1,527,0.0,0.0
960,7687.5,STABLE,Normal Physics,1.1,527,0.0,0.0
961,7734.4,STABLE,Normal Physics,1.1,527,0.0,0.0
962,7730.1,STABLE,Normal Physics,1.1,527,0.0,0.0
963,7784.8,STABLE,Normal Physics,1.1,527,0.0,0.0
964,7768.3,STABLE,Normal Physics,1.1,527,0.0,0.0
965,7774.7,STABLE,Normal Physics,1.1,527,0.0,0.0
966,7748.9,STABLE,Normal Physics,1.1,527,0.0,0.0
967,7787.6,STABLE,Normal Physics,1.1,527,0.0,0.0
968,7795.1,MISFIRE,Fuel cut,1.1,527,0.0,0.0
969,7761.9,EARLY_FIRE,Pre-ignition,1.1,527,0.0,0.0
970,7751.7,STABLE,Normal Physics,1.1,527,0.0,0.0
971,7847.2,STABLE,Normal Physics,1.1,527,0.0,0.0
972,7762.2,STABLE,Normal Physics,1.1,527,0.0,0.0
973,7861.8,STABLE,Normal Physics,1.1,527,0.0,0.0
974,7853.9,STABLE,Normal Physics,1.1,527,0.0,0.0
975,7806.7,STABLE,Normal Physics,1.1,527,0.0,0.0
976,7864.2,STABLE,Normal Physics,1.1,527,0.0,0.0
977,7848.2,STABLE,Normal Physics,1.1,527,0.0,0.0
978,7888.9,STABLE,Normal Physics,1.1,527,0.0,0.0
979,7903.8,MISFIRE,Fuel cut,1.1,527,0.0,0.0
980,7888.4,STABLE,Normal Physics,1.1,527,0.0,0.0
981,7883.7,STABLE,Normal Physics,1.1,527,0.0,0.0
982,7862.7,STABLE,Normal Physics,1.1,527,0.0,0.0
983,7857.6,STABLE,Normal Physics,1.1,527,0.0,0.0
984,7883.7,STABLE,Normal Physics,1.1,527,0.0,0.0
985,7898.5,STABLE,Normal Physics,1.1,527,0.0,0.0
986,7874.0,STABLE,Normal Physics,1.1,527,0.0,0.0
987,7958.5,STABLE,Normal Physics,1.1,527,0.0,0.0
988,7945.7,STABLE,Normal Physics,1.1,527,0.0,0.0
989,7900.3,STABLE,Normal Physics,1.1,527,0.0,0.0
990,7928.3,STABLE,Normal Physics,1.1,527,0.0,0.0
991,7907.5,STABLE,Normal Physics,1.1,527,0.0,0.0
992,7913.6,STABLE,Normal Physics,1.1,527,0.0,0.0
993,7907.6,STABLE,Normal Physics,1.1,527,0.0,0.0
994,7939.5,STABLE,Normal Physics,1.1,527,0.0,0.0
995,7979.2,STABLE,Normal Physics,1.1,527,0.0,0.0
996,8020.3,MISFIRE,Fuel cut,1.1,527,0.0,0.0
997,8007.0,STABLE,Normal Physics,1.1,527,0.0,0.0
998,8014.7,STABLE,Normal Physics,1.1,527,0.0,0.0
999,8026.6,STABLE,Normal Physics,1.1,527,0.0,0.0
